AUTHOR;DATES / CENTURY;VIAF;TITLE;SHORT TITLE;YEAR;PLACE;EDITOR;PUBLISHER / DEALER;LANGUAGE;other EDITIONS;KEY WORD 1; KEY WORDS 2;KEY WORDS 3;KEY WORDS 4;KEY WORDS 5;LINKS
Anonymous / Unknown;;;Relación del riguroso martyrio, que el Padre Fr. Ioan de Prado de la provincia de San Diego de Sevilla, predicador, y provincial, que fue de la misma provincia, que es de frailes descalços franciscos, padecio en la ciudad de Marruecos ... la qual relacion embió el Governador de Marzagan, al Excelentissimo Señor Duque de Medina Sydonia;Relación del riguroso martyrio, que el Padre Fr. Ioan de Prado de la provincia de San Diego de Sevilla, predicador, y provincial, que fue de la misma provincia, que es de frailes descalços franciscos, padecio en la ciudad de Marruecos ... la qual relacion embió el Governador de Marzagan, al Excelentissimo Señor Duque de Medina Sydonia;1631;Seville;;Luis Estupiñan;Spanish;;Juan de Prado;Martyrdom;Morocco;North Africa;Franciscans (O.F.M.);http://catalogo.bne.es/uhtbin/cgisirsi/x/0/0/57/5/3?searchdata1=2686183{CKEY}&searchfield1=GENERAL^SUBJECT^GENERAL^^&user_id=WEBSERVER
García, Francisco;1641 - 1685;http://viaf.org/viaf/8575836;Vida y Martyrio de el venerable padre Diego de Sanvitores, de la Compañía de Iesus, primer apostol de la[s] islas Marianas, y sucessos de estas islas, desde el año de mil seiscientos y sesenta y ocho, [h]asta el de mil seiscientos y ochenta y uno.;Vida y Martyrio de el venerable padre Diego de Sanvitores, de la Compañía de Iesus [...];1683;Madrid;;Iuan García Infanzón;Spanish;;Martyrdom;Jesuits (S.J.);Hagiographies;Mariana Islands;Catholic Missions;http://www.worldcat.org/oclc/16333215
Florencia, Francisco de (S.I.);1620 - 1695;http://viaf.org/viaf/66670207;Exemplar vida, y gloriosa muerte por Christo del fervoroso P. Luis de Medina de la Compañía de Iesus. Que de la Religiosa Provincia de Andaluzia passo a la conquista espiritual de las Islas de los Ladrones, que oy llaman Marianas, el Año de 1667, y en ellas coronó su predicación con su Martirio el Año de 1670. Sacada de las noticias, que èl padre Diego Luis de Sanvitores, superior de las missiones marianas, diò al r. padre provincial de las Filipinas.;Exemplar vida, y gloriosa muerte por Christo del fervoroso P. Luis de Medina de la Compañía de Iesus [...] Martirio el Año de 1670.;1673;Seville;;Iuan Francisco de Blas, Impressor Mayor;Spanish;;Hagiographies;Martyrdom;Jesuits (S.J.);Mariana Islands;Catholic Missions;https://archive.org/details/exemplarvidayglo00flor
Costa, Nicolao da;17;(Il nome non è presente nel database di VIAF.org, ma è opportuno segnalare che il medesimo autore è altrove indicato con il nome di Acosta, Nicolao / Nicholás de);Breve relacion del martyrio del Padre Francisco Marcelo Mastrillo de la Compañía de Iesus, martyrizado en Nagasaqui, ciudad del Xapon, en 17 de octubre de 1637. Embiada por el Padre Nicolas de Acosta, Procurador del Xapon, al padre Francisco Manso, Procurador general de las Provincias de Portugal de la dicha Compañía en Madrid.;Breve relacion del martyrio del Padre Francisco Marcelo Mastrillo de la Compañía de Iesus, martyrizado en Nagasaqui, ciudad del Xapon, en 17 de octubre de 1637. Embiada por el Padre Nicolas de Acosta, Procurador del Xapon, al padre Francisco Manso, Procurador general de las Provincias de Portugal de la dicha Compañía en Madrid.;[1638];n. p.  [Madrid];Manso, Francisco (S.J.);Imprenta Real;Spanish;;Marcello Francesco Mastrilli (S.J.);Jesuits (S.J.);Martyrs of Japan;Persecutions;Martyrdom;https://granatensis.ugr.es/permalink/34CBUA_UGR/1p2iirq/alma991009226719704990
Quevedo y Villegas, Francisco de;1580 - 1645;http://viaf.org/viaf/56604566;El martirio pretensor del mártir, el único y singular mártir solicitado por el martirio, venerable, apostólico y novilísimo Padre Marcelo Francisco Mastrili, napolitano, hijo del Santo Patriarca de la Compañía de Jesús, el bienaventurado Ignacio de Loyola.;El martirio pretensor del mártir, el único y singular mártir solicitado por el martirio, venerable, apostólico y novilísimo Padre Marcelo Francisco Mastrili, napolitano, hijo del Santo Patriarca de la Compañía de Jesús, el bienaventurado Ignacio de Loyola.;[1640];n. p.;;[manuscript];Spanish;"""El martirio pretensor del mártir, el único y singular mártir solicitado por el martirio venerable, apostólico y nobilísimo padre Marcelo Francisco Mastrili, napolitano ...""  [ 17th century ; Manuscript ].  Link :  http://bdh-rd.bne.es/viewer.vm?id=0000051086&page=1";Marcello Francesco Mastrilli (S.J.);Jesuits (S.J.);Martyrdom;Japan;Tortures;http://bdh-rd.bne.es/viewer.vm?id=0000187889&page=1
Stafford, Ignacius;1599 - 1642;http://viaf.org/viaf/47690304;Historia de la celestial vocacion, missiones apostolicas, y gloriosa muerte, del padre, Marcelo Franco Mastrili, hijo del Marques de S. Marsano ...;Historia de la celestial vocacion, missiones apostolicas, y gloriosa muerte, del padre, Marcelo Franco Mastrili, hijo del Marques de S. Marsano ...;1639;Lisbon;;Antonio Alvarez;Spanish;;Marcello Francesco Mastrilli (S.J.);Jesuits (S.J.);Martyrdom;Japan;Tortures;http://www.worldcat.org/oclc/47669236
Stafford, Ignacius;1599 - 1642;http://viaf.org/viaf/47690304;Istoria della celeste vocatione, missioni apostoliche, e gloriosa morte del p. Marcello Francesco Mastrilli indiano felicissimo della Compagnia di Giesù. Composta dal padre Ignatio Stafford della medesima Compagnia in lingua castigliana, ... hora trasportata in italiano [...];Istoria della celeste vocatione, missioni apostoliche, e gloriosa morte del p. Marcello Francesco Mastrilli indiano felicissimo della Compagnia di Giesù. Composta dal padre Ignatio Stafford della medesima Compagnia in lingua castigliana, ... hora trasportata in italiano [...];1642;Viterbo;Collegio Romano de' Gesuiti (S.J.);Diotallevi, Bernardino;Italian;;Marcello Francesco Mastrilli (S.J.);Jesuits (S.J.);Martyrdom;Japan;Tortures;https://books.google.it/books?id=Tsd4QL6z1E0C&printsec=frontcover&hl=es&source=gbs_ge_summary_r&cad=0#v=onepage&q&f=false
Nieremberg, Juan Eusebio;1595 - 1658;http://viaf.org/viaf/56661806;Vida del dichoso y venerable padre Marcelo Francisco Mastrilli, de la Compañía de Jesus, que muriò en el Iapon por la Fè de Christo, sacada de los processos autenticos de su vida y muerte [...];Vida del dichoso y venerable padre Marcelo Francisco Mastrilli, de la Compañía de Jesus, que muriò en el Iapon por la Fè de Christo, sacada de los processos autenticos de su vida y muerte [...];1640;Madrid;Valle de la Cerda y Villanueva, Gerónimo;Maria de Quiñones;Spanish;;Marcello Francesco Mastrilli (S.J.);Jesuits (S.J.);Martyrdom;Japan;Tortures;https://books.google.it/books?id=ClJMAAAAcAAJ&printsec=frontcover&hl=it&source=gbs_ge_summary_r&cad=0#v=onepage&q&f=false
[Meneses, Hernando de];16;;Carta de Hernando de Meneses a Duarte de Meneses su padre, capitán de Tánger en la que describe, desde su cautiverio en Fez, el martirio de un fraile franciscano en 1530;Carta de Hernando de Meneses a Duarte de Meneses su padre, capitán de Tánger en la que describe, desde su cautiverio en Fez, el martirio de un fraile franciscano en 1530;[1530];Fez (Morocco);;Manuscript;Spanish;;Franciscans (O.F.M.);Martyrdom;Hernando Meneses;Redemption of Captives;Morocco;
Francisco Jesús María, de San Juan del Puerto;active 1708 - 1724;http://viaf.org/viaf/39725838;Mission historial de Marruecos. En que se trata de los martirios, persecuciones y trabajos que han padecido los Missionarios y fruto que han cogido las Missiones que desde sus principios tuvo la Orden Seraphica en el imperio de Marruecos y continua la provincia de San Diego de Franciscos Descalços de Andalucia en el mismo Imperio.;Mission historial de Marruecos. En que se trata de los martirios, persecuciones y trabajos que han padecido los Missionarios y fruto que han cogido las Missiones que desde sus principios tuvo la Orden Seraphica en el imperio de Marruecos y continua la provincia de San Diego de Franciscos Descalços de Andalucia en el mismo Imperio.;1708;Seville;;Francisco Garay;Spanish;;Morocco;Franciscans (O.F.M.);Catholic Missions;Catholic Martyrs;Christian-Islamic relations;http://bdh-rd.bne.es/viewer.vm?id=0000084872&page=1
Lima, Antonio de;17;[ Autore non presente in Viaf.org ];"Carta que escrivió el Capitan Don Antonio de Lima, cautivo en la ciudad de Argel, al R. P. M. Fr. Gabriel Gómez de Losada, Redemptor dos vezes del Orden de N. S. de la Merced Redempción de Cautivos; en que le avisa de la muerte del Hermano Pedro de la Concepción, fundador de los Hospitales de Argel, que padeció en defensa de nuestra santa Fé, y la grande constancia que tuvo en ella.";Carta [...] en que le avisa de la muerte del Hermano Pedro de la Concepción, fundador de los Hospitales de Argel, que padeció en defensa de nuestra santa Fé, y la grande constancia que tuvo en ella.;1667;Madrid;Gómez de Losada, Gabriel;Julián de Paredes;Spanish;Barcelona, Rafael Figueró, 1667.;Martyrdom;Correspondences;Christian Martyrs in Algiers;North Africa;Redemption of Captives;http://n2t.net/ark:/87925/drs1.iberian.78462
Matevad, Jaime;fl. 1620 - 1644;http://viaf.org/viaf/172272040;Martyrio que con su Provincial y otros siete Religiosos de la Compañia de Jesus, padecio el P. Baltasar de Torres en el Japon, sacado fielmente de las cartas auténticas que de alli han venido.;Martyrio que con su Provincial y otros siete Religiosos de la Compañia de Jesus, padecio el P. Baltasar de Torres en el Japon, sacado fielmente de las cartas auténticas que de alli han venido.;1631;Barcelona;;Sebastian y Jayme Matevat;Spanish;;Martyrdom;Jesuits (S.J.);Japan;Catholic Missions;Martyrs of Japan;http://bdh-rd.bne.es/viewer.vm?id=0000255163&page=1
Parets, Miquel;1610 - 1661;http://viaf.org/viaf/43456576;De molts sucsesos que han sucseyt dins Barselona y en molts altros llochs de Catalunya, dignes de memoria.;De molts sucsesos que han sucseyt [...] de Catalunya, dignes de memoria.;17;n. p.;;Manuscript;Spanish;;Catalunya;Spanish Missionaries;Martyrdom;Hagiographies;Church History;https://crai.ub.edu/ca/coneix-el-crai/difusio-marqueting/apadrina-document/documents-apadrinats/parets-miquel
Aranda, Gabriel de  (S.J.);1650 - 1709;http://viaf.org/viaf/49083961;Vida, y gloriosa muerte del v. padre Sebastian de Monroy, religioso de la Compañia de Jesus, que murió dilatando la Fè alanceado de los barbaros en las Islas Marianas. Compuesta por el p. Gabriel de Aranda de la misma Compañia [...] Con Licencia.;Vida, y gloriosa muerte del v. padre Sebastian de Monroy, religioso de la Compañia de Jesus, que murió dilatando la Fè alanceado de los barbaros en las Islas Marianas. Compuesta por el p. Gabriel de Aranda de la misma Compañia [...] Con Licencia.;1690;Seville;;Thomas Lopez de Haro;Spanish;;Jesuits (S.J.);Hagiographies;Mariana Islands;Spanish Missionaries;Martyrdom;https://books.google.es/books?id=kmetDapIdScC&hl=it&pg=PP5#v=onepage&q&f=false
Anonymous / Unknown;;;Cartas que os padres e irmãos da Companhia de Iesus escreverão dos Reynos de Iapão & China aos da mesma Companhia da India, & Europa, desdo anno de 1549 ate o de 1580 [Cartas dos reinos de Iapão];Cartas que os padres e irmãos da Companhia de Iesus escreverão dos Reynos de Iapão & China aos da mesma Companhia da India, & Europa, desdo anno de 1549 ate o de 1580 [Cartas dos reinos de Iapão];1598;Évora;;Manuel de Lyr;Portuguese;;Japan;China;India;SJ;Correspondences;
Anonymous / Unknown;;;Documenta Indica;Documenta Indica;1948-88;Rome;Wicki, Josef;Institutum Historicum Societatis Iesu;;;Asia;China;Japan;India;Correspondences;
Anonymous / Unknown;;;Lettere annue del Giappone, China, Goa, et Ethiopia. Scritte al M. R. P. Generale della Compagnia di Giesù. Da Padri dell’istessa Compagnia ne gli anni 1615. 1616. 1617. 1618. 1619. Volgarizati dal P. Lorenzo delle Pozze della medesima Compagnia;Lettere annue del Giappone, China, Goa, et Ethiopia. Scritte al M. R. P. Generale della Compagnia di Giesù. Da Padri dell’istessa Compagnia ne gli anni 1615. 1616. 1617. 1618. 1619. Volgarizati dal P. Lorenzo delle Pozze della medesima Compagnia;1621;Naples;delle Pozze, Lorenzo;Lazaro Scoriggio;Italian;;Japan;China;India;Aethiopia;Correspondences;
Anonymous / Unknown;;;Litterae quadrimestres ex universis praeter Indiam et Brasiliam locis in quibus aliqui de Societate Jesu versabantur Romam missae;Litterae quadrimestres ex universis praeter Indiam et Brasiliam locis in quibus aliqui de Societate Jesu versabantur Romam missae;1895;Madrid;;Augustinus Avrial;Latin;;Brazil;India;SJ;Correspondences;;
Barros, João de;1496 - 1570;http://viaf.org/viaf/17235538;Da Asia de João de Barros e de Diogo de Couto. Nova edição [Décadas];Da Asia de João de Barros e de Diogo de Couto. Nova edição [Décadas];1778-88;Lisbon;;Regia Officia Typografica;Portuguese;;Asia;Spanish Empire;Portuguese Empire;;;
Bartoli, Daniello;1608- 1685;http://viaf.org/viaf/64074445;Dell’historia della Compagnia di Giesu. L’Asia descritta dal P. Daniello Bartoli della medesima Compagnia. Parte prima;Dell’historia della Compagnia di Giesu. L’Asia descritta dal P. Daniello Bartoli della medesima Compagnia. Parte prima;1653;Rome;;Ignazio de' Lazzeri;Italian;;Asia;China;Japan;India;Jesuits (S.J.);
Bartoli, Daniello;1608- 1685;http://viaf.org/viaf/64074445;Dell’historia della Compagnia di Giesu, il Giappone, seconda parte dell’Asia, descritta dal P. Daniello Bartoli della medesima Compagnia;Dell’historia della Compagnia di Giesu, il Giappone, seconda parte dell’Asia, descritta dal P. Daniello Bartoli della medesima Compagnia;1660;Rome;;Ignazio de' Lazzeri;Italian;;Japan;Jesuits (S.J.);;;;
Bartoli, Daniello;1608- 1685;http://viaf.org/viaf/64074445;Dell’istoria della Compagnia di Giesu l’Asia descritta dal p. Daniello Bartoli della medesima Compagnia. Parte prima. Editione terza accresciuta della missione al Mogor e della vita e morte del p. Ridolfo Aquaviva. Composta dal medesimo autore;Dell’istoria della Compagnia di Giesu l’Asia descritta dal p. Daniello Bartoli della medesima Compagnia. Parte prima. Editione terza accresciuta della missione al Mogor e della vita e morte del p. Ridolfo Aquaviva. Composta dal medesimo autore;1667;Roma ;;stamperia del Varese;Italian;;India;Jesuits (S.J.);;;;
Acosta, Emanuel;1541 - 1604;http://viaf.org/viaf/100296856;Rerum a Societate Iesu in Oriente gestarum, a cura di Giovanni Pietro Maffei, in aedibus Decii Lachaei;Rerum a Societate Iesu in Oriente gestarum, a cura di Giovanni Pietro Maffei, in aedibus Decii Lachaei;1573;Naples;;apud Horatium Salvianum;Latin;;Asia;Jesuits (S.J.) (S.J.);;;;
Francis Xavier;1506 - 1552;http://viaf.org/viaf/51717999;Epistolae S. Francisci Xaverii aliaque eius scripta;Epistolae S. Francisci Xaverii aliaque eius scripta;1944-45;Rome;Schurhammer, Georg & Wicki, Josef (ed. by);Institutum historicum Societatis Iesu;;;Japan;India;Jesuits (S.J.);Correspondences;;
Fuligatti, Giacomo;1577 - 1653;http://viaf.org/viaf/23284870;Compendio della vita dell’apostolo dell’India s. Francesco Saverio della Compagnia di Giesu, raccolto da varie, & approvate istorie, e dalli processi fatti per la sua canonizatione dal p. Giacomo Fuligatti della medesima Compagnia;Compendio della vita dell’apostolo dell’India s. Francesco Saverio della Compagnia di Giesu, raccolto da varie, & approvate istorie, e dalli processi fatti per la sua canonizatione dal p. Giacomo Fuligatti della medesima Compagnia;1637;Roma;;Bernardino Tani;Italian;;Japan;India;Jesuits (S.J.);Catholic Missions;East Indies;
Gonçalves, Sebastião;1557 - 1619;http://viaf.org/viaf/99832274;Primeira parte da história dos religiosos da Companhia de Jésus;Primeira parte da história dos religiosos da Companhia de Jésus;1957-62;Coimbra;Wicki, Josef;Atlântida;Portuguese;;Asia;Japan;India;Jesuits (S.J.);;
Guerreiro, Fernão;1550? - 1617;http://viaf.org/viaf/36967859;"Relação anual das coisas que fizeram os Padres da Companhia de Jesus nas suas Missões do Japão, China, Cataio [...] Nos anos de 1600 a 1609 e do processo da conversão e cristandade daquelas partes; tirada das cartas que os missionários de lá escreveram";"Relação anual das coisas que fizeram os Padres da Companhia de Jesus nas suas Missões do Japão, China, Cataio [...] Nos anos de 1600 a 1609 e do processo da conversão e cristandade daquelas partes; tirada das cartas que os missionários de lá escreveram";1930-42;Coimbra;Viegas, Artur;Imprensa da Universidade;Portuguese;;Asia;China;Japan;India;Jesuits (S.J.);
Jarric, Pierre du;1566 - 1617;http://viaf.org/viaf/173591342;Histoire des choses plus mémorables advenues tant ez Indes Orientales, que autres païs de la déscouverte des Portugais;Histoire des choses plus mémorables advenues tant ez Indes Orientales, que autres païs de la déscouverte des Portugais;1608-14;Bordeaux;;Millanges;French;;Asia;Japan;India;Jesuits (S.J.);;
Jarric, Pierre du;1566 - 1617;http://viaf.org/viaf/173591342;Thesaurus Rerum Indicarum;Thesaurus Rerum Indicarum;1615;Köln;;Petri Henningij;Latin;;Asia;China;Japan;India;Portuguese Empire;
Lucena, João da;1549 - 1600;http://viaf.org/viaf/43287683;Vita del B. P. Francesco Xavier [...]. Composta [...] in lingua portughese, et trasportata nell’italiana dal p. Lodovico Mansoni;Vita del B. P. Francesco Xavier [...]. Composta [...] in lingua portughese, et trasportata nell’italiana dal p. Lodovico Mansoni;1613;Rome;Mansoni, Lodovico;Bartolomeo Zannetti;Italian;;Asia;Portuguese Empire;India;Japan;;
Maffei, Giovanni Pietro;1533 - 1603;http://viaf.org/viaf/95224833;Historiarum Indicarum libri XVI. Selectarum item ex India epistolarum libri IV;Historiarum Indicarum libri XVI. Selectarum item ex India epistolarum libri IV;1590;Köln;;Officina Birckmannica, sumptibus Arnoldi Mylij;Latin;;Asia;China;Japan;India;Portuguese Empire;
Maffei, Giovanni Pietro;1533 - 1603;http://viaf.org/viaf/95224833;Historiarum Indicarum libri XVI. Selectarum item ex India epistolarum libri IV;Historiarum Indicarum libri XVI. Selectarum item ex India epistolarum libri IV;1605;Antwerp;;Martinus Nuntius;Latin;;Asia;China;Japan;India;Correspondences;
Maffei, Giovanni Pietro;1533 - 1603;http://viaf.org/viaf/95224833;Istoria delle Indie orientali di Giovan Pietro Maffei tradotta da Francesco Serdonati;Istoria delle Indie orientali di Giovan Pietro Maffei tradotta da Francesco Serdonati;1830;Milan;Serdonati, Francesco;Antonio Fontana;Italian;;Asia;East Indies;Portuguese Empire;;;
Pinto, Fernão Mendes;1514? - 1583;http://viaf.org/viaf/253462414;Peregrinaçam de Fernam Mendez Pinto;Peregrinaçam de Fernam Mendez Pinto;1908-10;Lisbon;;Livraria Ferreira;Portuguese;;Portuguese Empire;Asia;Japan;;;
Francis Xavier;1506 - 1552;http://viaf.org/viaf/51717999;Monumenta Xaveriana, ex autographis vel ex antiquioribus exemplis collecta;Monumenta Xaveriana, ex autographis vel ex antiquioribus exemplis collecta;1899-1900;Madrid;;Augustinus Avrial;;;Portuguese Empire;Asia;Japan;Francis Xavier;Unbloody Sacrifice;
Nuñes de Leão, Duarte;1530 - 1608;http://viaf.org/viaf/61554885;Primeira parte das Chronicas dos reis de Portugal;Primeira parte das Chronicas dos reis de Portugal;1600;Lisbon;;Pedro Crasbeeck;Portuguese;;Portuguese Empire;Asia;Japan;;;
Anonymous / Unknown;;;Nuovi avisi dell’Indie di Portogallo, ricevuti dalli reverendi padri della Compagnia di Giesù, tradotti dalla lingua Spagnuola nell’Italiana;Nuovi avisi dell’Indie di Portogallo, ricevuti dalli reverendi padri della Compagnia di Giesù, tradotti dalla lingua Spagnuola nell’Italiana;1562;Venice;;Michele Tramezzino;Italian;;Portuguese Empire;Asia;Japan;Jesuits (S.J.);Correspondences;
Anonymous / Unknown;;;Nuovi avisi dell’India dei reverendi padri della Compagnia di Giesù. Ricevuti quest’anno MDLXX;Nuovi avisi dell’India dei reverendi padri della Compagnia di Giesù. Ricevuti quest’anno MDLXX;1570;Rome;;Antonio Blado;Italian;;Portuguese Empire;Asia;Japan;Jesuits (S.J.);Correspondences;
Orlandini, Nicola;1554 - 1606;http://viaf.org/viaf/2813152;Historiae Societatis Iesu;Historiae Societatis Iesu;1615;Rome;;Bartolomeo Zannetti;Latin;;History;Asia;Japan;Jesuits (S.J.);Correspondences;
Ramusio, Giovanni Battista;1485 - 1557;http://viaf.org/viaf/68943129;Primo volume delle navigationi et viaggi nel qual si contiene la descrittione dell’Africa, et del paese del Prete Ianni, con varii viaggi, dal mar Rosso a Calicut & infin all’isole Molucche;Primo volume delle navigationi et viaggi nel qual si contiene la descrittione dell’Africa, et del paese del Prete Ianni, con varii viaggi, dal mar Rosso a Calicut & infin all’isole Molucche;1550;Venice;;heredi di Lucantonio Giunti;Italian;;Africa;Molukkas;Asia;India;;
Anonymous / Unknown;;;Documentação para a história das missões do padroado português do Oriente;Documentação para a história das missões do padroado português do Oriente;1954-88;Lisbon;Basilio de Sá, Artur;Insulíndia, Agência Geral do Ultramar;;;Portuguese Empire;Asia;Japan;India;;
Sacchini, Francesco;1570 - 1625;http://viaf.org/viaf/27365195;Historiae Societatis Iesu;Historiae Societatis Iesu;1621;Köln;;sumptibus Antonii Hierati;Latin;;History;Asia;;Jesuits (S.J.);;
Anonymous / Unknown;;;Documentação para a história das Missões do Padroado Português do Oriente: Índia;Documentação para a história das Missões do Padroado Português do Oriente: Índia;1947-58;Lisbon;da Silva Rego, António;Agência Geral das Colónias;;;Portuguese Empire;Asia;India;;;
Anonymous / Unknown;;;Bibliotheca Missionum;Bibliotheca Missionum;1916-74;Münster-Rome;von Streit, Robert & Dindinger, Johannes;Aschendorff-Herder;;;Catholic Missions;Asia;;;;
Francis Xavier;1506 - 1552;http://viaf.org/viaf/51717999;Sancti Francisci Xaverii Epistolarum libri quatuor ab Horatio Tursellino e Societate Jesu in Latinum conversi ex Hispano;Sancti Francisci Xaverii Epistolarum libri quatuor ab Horatio Tursellino e Societate Jesu in Latinum conversi ex Hispano;1682;London;Torsellino, Orazio;Antonio Molin;Latin;;History;Jesuits (S.J.);Correspondences;Francis Xavier;Unbloody Sacrifice;
Torsellino, Orazio;1545 - 1599;http://viaf.org/viaf/51794684;Vita del b. Francesco Saverio il primo della Compagnia di Giesù, che introdusse la s. fede nell’India, e nel Giappone, scritta in lingua latina, & in sei libri divisa dal r.p. Oratio Torsellini della detta Compagnia. Tradotta nella toscana da Lodovico Serguglielmi cittadin fiorentino;Vita del b. Francesco Saverio il primo della Compagnia di Giesù, che introdusse la s. fede nell’India, e nel Giappone, scritta in lingua latina, & in sei libri divisa dal r.p. Oratio Torsellini della detta Compagnia. Tradotta nella toscana da Lodovico Serguglielmi cittadin fiorentino;1605;Florence;Serguglielmi, Lodovico;Giunti;Italian;;History;Jesuits (S.J.);Correspondences;Francis Xavier;Unbloody Sacrifice;
Trigault, Nicolas;1577 - 1628;http://viaf.org/viaf/2477678;Vita Gasparis Barzaei Belgae e Societate Iesu B. Xaverii in India socij;Vita Gasparis Barzaei Belgae e Societate Iesu B. Xaverii in India socij;1610;Antwerp;;Ioach. Trognaesij;Latin;;History;Jesuits (S.J.);Asia;Gaspar Berzeus;;
Trindade, Paulo da;1570 - 1651;http://viaf.org/viaf/247953928;Conquista espiritual do Oriente: em que se dá relação de algumas cousas mais notáveis que fizeram os Frades Menores da Santa Província de S. Tomé da India Oriental em a pregação da fé e conversão dos infiéis, em mais de trinta reinos, do Cabo de Boa Esperança até as remotíssímas Ilhas do Japão;Conquista espiritual do Oriente: em que se dá relação de algumas cousas mais notáveis que fizeram os Frades Menores da Santa Província de S. Tomé da India Oriental em a pregação da fé e conversão dos infiéis, em mais de trinta reinos, do Cabo de Boa Esperança até as remotíssímas Ilhas do Japão;1962-67;Lisbon;Lopes, Félix F.;Centro de Estudos Históricos Ultramarinos;Portuguese;;Franciscansa;History;Asia;India;;
Valignano, Alessandro;1538 - 1606;http://viaf.org/viaf/76359221;Historia del principio y progresso de la Companía de Jesús en las Indias orientales (1542-64);Historia del principio y progresso de la Companía de Jesús en las Indias orientales (1542-64);1944;Rome;Wicki, Josef;Institutum historicum Societatis Iesu;Spanish;;History;Jesuits (S.J.);Asia;India;Japan;
Vasconcelos, Agostinho Manuel de;1583 - 1641;http://viaf.org/viaf/37344890;Vida de Don Duarte de Meneses, tercero Conde de Viana, y sucessos notables de Portugal en su tiempo;Vida de Don Duarte de Meneses, tercero Conde de Viana, y sucessos notables de Portugal en su tiempo;1627;Lisbon;;Pedro Craesbeeck;Spanish;;History;Portuguese Empire;Asia;;;
Patrignani, Giuseppe Antonio;1659 - 1733;http://viaf.org/viaf/76529546;Menologio di pie memorie d’alcuni religiosi della Compagnia di Gesù;Menologio di pie memorie d’alcuni religiosi della Compagnia di Gesù;1730;Venice;;Niccolò Pezzana;Italian;;History;Jesuits (S.J.);Asia;;;
Anonymous / Unknown;;;Oriente conquistado a Jesu Christo pelos Padres da Companhia de Jesus da provincia de Goa;Oriente conquistado a Jesu Christo pelos Padres da Companhia de Jesus da provincia de Goa;1710;Lisbon;de Sousa, Antonio Francisco;Valentim da Costa Deslandes;Portuguese;;History;Jesuits (S.J.);Asia;;;
Aduarte, Diego;1569 - 1636;http://viaf.org/viaf/12585444;Historia de la prouincia del Santo Rosario de Filipinas, Iapon y China de la ... Orden de Predicadores;Historia de la prouincia del Santo Rosario de Filipinas, Iapon y China de la ... Orden de Predicadores;1693;;;Pasqual Bueno;Spanish;;History;Asia;Japan;Philippines;China;http://bdh-rd.bne.es/viewer.vm?id=0000092772&page=1
Buchanan, Claudius;1766 - 1815;http://viaf.org/viaf/2253149108551068780001;Christian Researches in Asia. With Notices of the Translation of the Scriptures Into the Oriental Languages;Christian Researches in Asia. With Notices of the Translation of the Scriptures Into the Oriental Languages;1814;London;;T. Cadell and W. Davies;English;;History;Asia;Crosscultural Encounters;;;https://www.google.it/books/edition/Christian_Researches_in_Asia/Zr0lAQAAMAAJ?hl=it&gbpv=0
Collins, Francis;?;?;Voyages to Portugal, Spain, Sicily, Malta, Asia-Minor, Egypt, &c. &c. from 1796 to 1801. With an historical sketch, and occasional reflections;Voyages to Portugal, Spain, Sicily, Malta, Asia-Minor, Egypt, &c. &c. from 1796 to 1801. With an historical sketch, and occasional reflections;1813;London;;printed for the Author;French;;History;Asia;Crosscultural Encounters;;;
Anonymous / Unknown;;;Fox's Original and Complete Book of Martyrs ... A new edition. Now carefully revised, corrected, and improved, by a Minister of the Gospel i.e. P. Wright ... Embellished with near 300 elegant engravings;Fox's Original and Complete Book of Martyrs ... A new edition. Now carefully revised, corrected, and improved, by a Minister of the Gospel i.e. P. Wright ... Embellished with near 300 elegant engravings;1811;Liverpool;;Nuttall, Fisher, & Dixon;English;;History;Martyrology;Martyrdom;;;https://www.google.it/books/edition/Fox_s_Original_and_Complete_Book_of_Mart/8rltJokoK_EC?hl=it&gbpv=1
Fróis, Luís;1532 - 1597;http://viaf.org/viaf/44369221;História de Japam;História de Japam;1976-84;Lisbon;Wicki, Josef;Biblioteca Nacional;Portuguese;;History;Jesuits (S.J.);Japan;;;
Fróis, Luís;1532 - 1597;http://viaf.org/viaf/44369221;Tratado em que se contem muito sucinta e abreviadamente algunas contradições e diferenças de costumes antre a gente de Europa e esta província de Japão;Tratado em que se contem muito sucinta e abreviadamente algunas contradições e diferenças de costumes antre a gente de Europa e esta província de Japão;2001;Macau;Wicki, Josef;Instituto Português do Oriente;Portuguese;;History;Jesuits (S.J.);Japan;;;
Fróis, Luís;1532 - 1597;http://viaf.org/viaf/44369221;Die Geschichte Japans, 1549-1578;Die Geschichte Japans, 1549-1578;1926;Leipzig;Schurhammer, Georg & Voretzsch, Ernst Arthur;Asia Major;Portuguese;;History;Jesuits (S.J.);Japan;;;
Anonymous / Unknown;;;Cartas que los padres de la Compañia de Jésus, que andan en los reinos de Japón escrivieron a los de la misma Compañia, desde el año de mil y quinientos y quarêta y nueve, hasta el de mil quinientos y setenta y uno [Cartas de Japón];Cartas que los padres de la Compañia de Jésus, que andan en los reinos de Japón escrivieron a los de la misma Compañia, desde el año de mil y quinientos y quarêta y nueve, hasta el de mil quinientos y setenta y uno [Cartas de Japón];1575;Alcalá;Lequetica, Juan Iñiguez de;;Spanish;;History;Jesuits (S.J.);Japan;Correspondences;;
Ginnaro, Bernardino;? - 1644;http://viaf.org/viaf/34801651;Saverio orientale ò vero Istorie de’ cristiani illustri dell’Oriente li quali nelle parti orientali sono stati chiari per virtù, e pietà cristiana, dall’anno 1542 [...] fino all’anno 1600. [...] Tomo primo del Giappone, e de’ cristiani illustri di quei regni;Saverio orientale ò vero Istorie de’ cristiani illustri dell’Oriente li quali nelle parti orientali sono stati chiari per virtù, e pietà cristiana, dall’anno 1542 [...] fino all’anno 1600. [...] Tomo primo del Giappone, e de’ cristiani illustri di quei regni;1641;Naples;;Francesco Savio;Italian;;History;Jesuits (S.J.);Japan;Francis Xavier;;
Angelis, Hieronymus de;1568-1623;http://viaf.org/viaf/120850222;Relatione di alcune cose cavate dalle lettere scritte negli anni 1619. 1620. et 1621. dal Giappone;Relatione di alcune cose cavate dalle lettere scritte negli anni 1619. 1620. et 1621. dal Giappone;1624;Rome;;eredi di Bartolomeo Zannetti;Italian;;History;Japan;Correspondences;;;
Valignano, Alessandro;1538 - 1606;http://viaf.org/viaf/76359221;Il cerimoniale per i missionari del Giappone;Il cerimoniale per i missionari del Giappone;2011;Rome;Schütte, Josef Franz;Edizioni di Storia e Letteratura;Italian;;History;Jesuits (S.J.);Japan;Alessandro Valignano;;
Valignano, Alessandro;1538 - 1606;http://viaf.org/viaf/76359221;Valignanos Missionsgrundsätze für Japan;Valignanos Missionsgrundsätze für Japan;1951-58;Rome;Schütte, Josef Franz;Edizioni di Storia e Letteratura;German;;History;Jesuits (S.J.);Japan;Alessandro Valignano;;
Garcés, García;1560-1628;http://viaf.org/viaf/234859139;Relación de la persecución del Japón y Mártires que en ella hubo el año de MDCXXII;Relación de la persecución del Japón y Mártires que en ella hubo el año de MDCXXII;1625;Madrid;;?;Spanish;;Martyrs of Japan;Jesuits (S.J.);Japan;;;
Castanheda, Fernão Lopez de;1500 - 1559;http://viaf.org/viaf/89194124;Historia do descobrimento e conquista de India pelos Portugueses;Historia do descobrimento e conquista de India pelos Portugueses;1552-61;Coimbra;;J. de Barreyra e J. Alvarez;Portuguese;;Portuguese Empire;India;;;;
Gonçalves, Diogo;1561 - 1640;http://viaf.org/viaf/62021706;História do Malavar;História do Malavar;1955;Münster;Wicki, Josef;Aschendorff;Portuguese;;Portuguese Empire;India;;;;
Anonymous / Unknown;;;Nuove memorie e preziosi documenti intorno al p. Antonio Criminali, protomartire della Compagnia di Gesù;Nuove memorie e preziosi documenti intorno al p. Antonio Criminali, protomartire della Compagnia di Gesù;1900;Venice;Massara, Enrico;Emiliana;Italian;;India;Jesuits (S.J.);Martyrdom;Antonio Criminali;;
Brito, Fernando Pereira;1640 - ?;http://viaf.org/viaf/294352489;Historia do nascimento, vida, e martyrio do Ven. Padre Ioao de Britto da Companhia de Jesu, Martyr da Asia [Texto impreso] : com um compendio, do nascimento, vida e martyrio do mesmo V. Servo de Deos, impresso em Rome no anno 1714;Historia do nascimento, vida, e martyrio do Ven. Padre Ioao de Britto da Companhia de Jesu, Martyr da Asia [Texto impreso] : com um compendio, do nascimento, vida e martyrio do mesmo V. Servo de Deos, impresso em Rome no anno 1714;1714;Rome;;Real Collegio das Artes da Comp. de Iesus;Portuguese;;India;Jesuits (S.J.);Martyrdom;João de Brito;;
Brito, Bernardo Gomes de;1688 - 1760;http://viaf.org/viaf/61605773;Historia Tragico Maritima: Em que se escrevem chronologicamente os Naufragios que tiverão as Naus de Portugal, depois que se poz em exercicio a Navegação da India;Historia Tragico Maritima: Em que se escrevem chronologicamente os Naufragios que tiverão as Naus de Portugal, depois que se poz em exercicio a Navegação da India;1735-36;Lisbon;;Officina da Congregação do Oratório;Portuguese;;Portuguese Empire;Asia;;;;
Vega, Cristóbal de;1595 - 1672;http://viaf.org/viaf/52041453;AN UNPUBLISHED LETTER OF FATHER CHRISTOVAL DE VEGA S.J.: Its Importance for the History of the Second Mission to the Mughal Court and for the Knowledge of the Religion of the Emperor Akbar;AN UNPUBLISHED LETTER OF FATHER CHRISTOVAL DE VEGA S.J.: Its Importance for the History of the Second Mission to the Mughal Court and for the Knowledge of the Religion of the Emperor Akbar;2000;Boston-Leiden;Camps, Arnulf;Brill;English;;Portuguese Empire;Asia;India;Correspondences;;https://brill.com/view/book/9789047400318/B9789047400318-s005.xml
Carré, Barthélémy;1639? - 1699?;http://viaf.org/viaf/32105307;The Travels of the Abbé Carré in India and the Near East, 1672–1674;The Travels of the Abbé Carré in India and the Near East, 1672–1674;1990;New Delhi;;Asian Educational Services;English;;Asia;India;;;;
Fenicio, Jacobo;1558 - 1632;http://viaf.org/viaf/88888134;The Livro Da Seita Dos Indios Orientals (Brit. Mus. MS. Sloane, 1820) of Father Jacobo Fenicio S.J.;The Livro Da Seita Dos Indios Orientals (Brit. Mus. MS. Sloane, 1820) of Father Jacobo Fenicio S.J.;1934;Uppsala-Cambridge;Charpentier, Jarl;Heffer & Sons;;;Jesuits (S.J.);India;;;;https://www.cambridge.org/core/journals/bulletin-of-the-school-of-oriental-and-african-studies/article/abs/livro-da-seita-dos-indios-orientals-brit-mus-ms-sloane-1820-of-father-jacobo-fenicio-sj-edited-with-an-introduction-and-notes-by-jarl-charpentier-with-the-support-of-the-vilhelm-ekman-university-fund-uppsala-pp-252-civ-uppsala-cambridge-w-heffer-sons-ltd-1934/DC3D86C425F0B235067D90420F50CD4C
Bartoli, Daniello;1608- 1685;http://viaf.org/viaf/64074445;Dell’historia della Compagnia di Giesu, la Cina, terza parte dell’Asia, descritta dal P. Daniello Bartoli della medesima Compagnia;Dell’historia della Compagnia di Giesu, la Cina, terza parte dell’Asia, descritta dal P. Daniello Bartoli della medesima Compagnia;1663;Rome;;stamperia del Varese;Italian;;History;Jesuits (S.J.);China;Unbloody Sacrifice;;
Correia, Afonso;?;http://viaf.org/viaf/99083653;Letters from the Mughal Court: The First Jesuit Mission to Akbar (1580–1583);Letters from the Mughal Court: The First Jesuit Mission to Akbar (1580–1583);1981;Saint Louis;;Institute of Jesuit Sources;English;;Portuguese Empire;Jesuits (S.J.);India;Correspondences;;
Dellon, Charles;1649? - 1709?;http://viaf.org/viaf/198356008;The History of the Inquisition as It Is Exercised at Goa;The History of the Inquisition as It Is Exercised at Goa;1688;London;;James Knapton;English;;Portuguese Empire;India;Crosscultural Encounters;;;
Anonymous / Unknown;;;Les Portugais au Tibet: Les premières relations jésuites (1624–1635);Les Portugais au Tibet: Les premières relations jésuites (1624–1635);1996;Paris;Didier, H.;Chandeigne;French;;Portuguese Empire;Tibet;Crosscultural Encounters;Jesuits (S.J.);;
Anonymous / Unknown;;;Epistolae Mistaae ex variis Europae locis ab aanno 1537 ad 1566 scriptae;Epistolae Mistaae ex variis Europae locis ab aanno 1537 ad 1566 scriptae;1898;Madrid;;Augustinus Avrial;;;Correspondences;Jesuits (S.J.);;;;
Fernandes, Gonçalo;1541 - 1619;http://viaf.org/viaf/52846914;Tratado do P.e Gonçalo Fernandes Trancoso sobre o Hinduísmo;Tratado do P.e Gonçalo Fernandes Trancoso sobre o Hinduísmo;1616 (1973);Maduré (Lisbon);Wicki, Joseph;Centro de Estudos Históricos Ultramarinos;Portuguese;;Portuguese Empire;Asia;Crosscultural Encounters;Jesuits (S.J.);India;
Gouveia, António de;1505 - 1566;http://viaf.org/viaf/79026545;Synodo Diocesano da Igreja e bispado de Angamale dos antigos cristãos de Sam Thome;Synodo Diocesano da Igreja e bispado de Angamale dos antigos cristãos de Sam Thome;1606;Coimbra;;Diogo Gomez Loureyro;Portuguese;;Portuguese Empire;India;Crosscultural Encounters;;;
Guerreiro, Fernão;1550? - 1617;http://viaf.org/viaf/36967859;Relação anual das coisas que fizeram os Padres da Companhia de Jesus nas suas Missões nos anos de 1600 a 1609;Relação anual das coisas que fizeram os Padres da Companhia de Jesus nas suas Missões nos anos de 1600 a 1609;1930-42;Coimbra;;Imprensa da Universidade;Portuguese;;Portuguese Empire;Asia;Jesuits (S.J.);Correspondences;;
Kircher, Athanasius;1602 - 1680;http://viaf.org/viaf/31998409;China Monumentis;China Monumentis;1667;Amsterdam;;Janssonius a Waesberge;Latin;;China;Jesuits (S.J.);;;;
Pyrard, François;1578? - 1621?;http://viaf.org/viaf/76660536;Voyage de Pyrard de Laval aux Indes orientales (1601-1611);Voyage de Pyrard de Laval aux Indes orientales (1601-1611);1998;Paris;;Chandeigne;French;;Asia;;;;;
Linschoten, John Huyghen van;1563 - 1611;http://viaf.org/viaf/37029314;The Voyage of John Huyghen van Linschoten to the East Indies;The Voyage of John Huyghen van Linschoten to the East Indies;1598 (1988);London (New Delhi);Burnell, C.;Hakluyt Society;English;;Asia;;;;;
Anonymous / Unknown;;;Litterae Quadrimestres ex universis praeter Indiam et Brasilam locis in quibus aliqui de Societate versabantur Romem missa;Litterae Quadrimestres ex universis praeter Indiam et Brasilam locis in quibus aliqui de Societate versabantur Romem missa;1894;Madrid;;Institutum Historicum Societatis Iesu;Latin;;Jesuits (S.J.);India;Brazil;Correspondences;Letters;
Lockman, John;1698 - 1771;http://viaf.org/viaf/46934917;Travels of the Jesuits into Various Parts of the World: Compiled from Their Letters. Now First Attempted in English. Intermix’d with an Ac- count from Other Travellers, and Miscellaneous Notes. Illustrated with Maps and Sculptures;Travels of the Jesuits into Various Parts of the World: Compiled from Their Letters. Now First Attempted in English. Intermix’d with an Ac- count from Other Travellers, and Miscellaneous Notes. Illustrated with Maps and Sculptures;1743;London;;John Noon;English;;Jesuits (S.J.);Asia;West Indies;East Indies;East Indies;
Lucena, João da;1549 - 1600;http://viaf.org/viaf/43287683;História de vida do padre Francisco de Xavier;História de vida do padre Francisco de Xavier;1600;Lisbon;;Pedro Crasbeek;Portuguese;;Japan;Jesuits (S.J.);Asia;Francis Xavier;India;
Moquet, Jean;1698 - 1771;http://viaf.org/viaf/46934917;Voyage en Éthiopie, Mozambique, Goa, & autres lieux d’Afrique & des Indes orientales (1607–1610);Voyage en Éthiopie, Mozambique, Goa, & autres lieux d’Afrique & des Indes orientales (1607–1610);1996;Paris;;Chandeigne;French;;Aethiopia;Mozambique;Goa;East Indies;Africa;
Nobili, Roberto de';1577 - 1656;http://viaf.org/viaf/47554623;Robert de Nobili, L’Apôtre des Brahmes, Première apologie;Robert de Nobili, L’Apôtre des Brahmes, Première apologie;1931;Paris;Dahmen, P.;Bibliothèque des Missions;French;;Jesuits (S.J.);India;Crosscultural Encounters;Roberto de Nobili;;
Andrade, António de;1580 - 1634;http://viaf.org/viaf/76366933;"Notícias da China e do Tibete: Cartas dos Cativos de Cantão; Cristóvão Vieira e Vasco Calvo (1524). O descobrimento do Tibete pelo Padre António de Andrade (1624)";"Notícias da China e do Tibete: Cartas dos Cativos de Cantão; Cristóvão Vieira e Vasco Calvo (1524). O descobrimento do Tibete pelo Padre António de Andrade (1624)";1624 (1989);Lisbon;Albuquerque, L. and Loureiro, R.;Alfa;Portuguese;;Portuguese Empire;Jesuits (S.J.);China;Tibet;;
Pires, Tomé;1468? - 1540?;http://viaf.org/viaf/37039075;O manuscrito de Lisbon da “Suma Orienteal”de Tomé Pires;O manuscrito de Lisbon da “Suma Orienteal”de Tomé Pires;1996;Macao;Loureiro, R. M.;?;Portuguese;;Portuguese Empire;Asia;;;;
Possinus, Petrus;1609 - 1686;http://viaf.org/viaf/76339685;S. Francisci Xaverii e Societate Iesu Indiarum Apostoli Novarum Epistolarum Libri Septem;S. Francisci Xaverii e Societate Iesu Indiarum Apostoli Novarum Epistolarum Libri Septem;1667;Rome;;Varesij;Latin;;Asia;Francis Xavier;;;;
Pyrard, François;1578? - 1621?;http://viaf.org/viaf/76660536;Voyages aux Indes orientales;Voyages aux Indes orientales;1615;Paris;;Louis Billaine;French;;East Indies;;;;;
Ricci, Matteo;1552 - 1610;http://viaf.org/viaf/69722279;Fonti Ricciane;Fonti Ricciane;1942-49;Rome;D'Elia, M.;Institutum Historicum Societatis Iesu;Italian;;Jesuits (S.J.);China;Matteo Ricci;;;
Ricci, Matteo;1552 - 1610;http://viaf.org/viaf/69722279;Storia dell’ Introduzione del Christianesimo in Cina;Storia dell’ Introduzione del Christianesimo in Cina;1942-49;Rome;Tacchi Venturi, P.;Institutum Historicum Societatis Iesu;Italian;;Jesuits (S.J.);China;Matteo Ricci;;;
Anonymous / Unknown;;;Archivo Portuguez Oriental;Archivo Portuguez Oriental;1992;New Delhi-Madras;Rivara, J.H. da Cunha;Asian Educational Services;Portuguese;;Portuguese Empire;Asia;East Indies;;;
Rosa, Francisco;?;;De Erroribus Nestorianorum qui in hac India Orientali versantur, auctore P. Francisco Roz, S.J;De Erroribus Nestorianorum qui in hac India Orientali versantur, auctore P. Francisco Roz, S.J;1929;;Hausherr, I.;?;Latin;;Portuguese Empire;Jesuits (S.J.);Francisco Roz;India;;
Anonymous / Unknown;;;Documentos del Japan, 1547–1557;Documentos del Japan, 1547–1557;1990;Rome;Ruiz-de-Medina, J.;Institutum Historicum Societatis Iesu;Portuguese;;Jesuits (S.J.);Japan;Correspondences;;;
Anonymous / Unknown;;;Documentação para a história das Missões do Padroado Português do Oriente: Induslíndia;Documentação para a história das Missões do Padroado Português do Oriente: Induslíndia;1955;Lisbon;Sá, Artur Basilio de;Agência Geral das Colónias 1947-1958;Portuguese;;Portuguese Empire;India;Crosscultural Encounters;;;
Sande, Duarte de;1531 - 1600;http://viaf.org/viaf/31606588;Diálogo sobre a missão dos embaixadores japoneses à Cúria Romena (1590);Diálogo sobre a missão dos embaixadores japoneses à Cúria Romena (1590);1996;Macau;da Costa Ramalho, Américo;Universidade de Coimbra;Portuguese;;Japan;Rome;Crosscultural Encounters;;;
Anonymous / Unknown;;;Die Zeitgenössischen Quellen zur Geschichte Portugiesisch-Asiens und seiner Nachbarländer zur Zeit des Hl. Franz Xaver (1538–1552);Die Zeitgenössischen Quellen zur Geschichte Portugiesisch-Asiens und seiner Nachbarländer zur Zeit des Hl. Franz Xaver (1538–1552);1962;Rome;Schurhammer, Georg SJ;Institutum Historicum Societatis Iesu;German;;Portuguese Empire;Asia;History;;;
Anonymous / Unknown;;;Ceylon zur Zeit des Königs Bhuvaneka Bahu und Franz Xavier, 1539–1552;Ceylon zur Zeit des Königs Bhuvaneka Bahu und Franz Xavier, 1539–1552;1928;Leipzig;Schurhammer, Georg SJ & Voretzsch, E. A.;Institutum Historicum Societatis Iesu;German;;Portuguese Empire;Ceylon;Crosscultural Encounters;Francis Xavier;;
Sousa, Manuel de Faria e;1590 - 1649;http://viaf.org/viaf/77107478;Asia Portuguesa;Asia Portuguesa;1666-75;Lisbon;;Henrique Valente de Oliueira;Portuguese;;Portuguese Empire;Asia;;;;
Trigault, Nicolas;1577 - 1628;http://viaf.org/viaf/2477678;China in the Sixteenth Century: The Journal of Matthew Ricci, 1583–1610;China in the Sixteenth Century: The Journal of Matthew Ricci, 1583–1610;1953;;Gallagher, Louis SJ;Random House;English;;Jesuits (S.J.);China;Matteo Ricci;Nicolas Trigault;;
Gonçalves, Diogo;1561 - 1640;http://viaf.org/viaf/62021706;P. Diogo Gonçalves S.I., História do Malabar;P. Diogo Gonçalves S.I., História do Malabar;1953;Rome;Wicki, Joseph SJ;Institutum Historicum Societatis Iesu;Portuguese;;Portuguese Empire;Jesuits (S.J.);Crosscultural Encounters;India;Diogo Goncalves;
Anonymous / Unknown;;;Lettres édifiantes et curieuses de la nouvelle mission du Maduré;Lettres édifiantes et curieuses de la nouvelle mission du Maduré;1865;Paris-Lyon-Toulouse;Bertrand, J.;J.B. Pélagaud;French;;Correspondences;India;;;;
Francis Xavier;1506 - 1552;http://viaf.org/viaf/51717999;S. Francisci Xaverii e Soc. J. Indiarum Apostoli epistolarum omnium libri quatuor;S. Francisci Xaverii e Soc. J. Indiarum Apostoli epistolarum omnium libri quatuor;1796;Bononiae;;Gasparem de Franciscis;Latin;;Correspondences;Francis Xavier;Crosscultural Encounters;;;
Colín, Francisco;?;;Labor euangelica, ministerios apostolicos de los obreros de la Compañia de Iesus, fundacion y progressos de su prouincia en las Islas Filipinas;Labor euangelica, ministerios apostolicos de los obreros de la Compañia de Iesus, fundacion y progressos de su prouincia en las Islas Filipinas;1663;Madrid;;Fernandez de Buendia;Spanish;;Jesuits (S.J.);Philippines;;;;
Anonymous / Unknown;;;Tre lettere annuale del Giapponi degli anni 1603, 1604,1605 e parte del 1606;Tre lettere annuale del Giapponi degli anni 1603, 1604,1605 e parte del 1606;1609;Bologna;;Giovanni Battista Bellagamba;Italian;;Portuguese Empire;Jesuits (S.J.);Japan;Correspondences;;
Ribadeneira, Marcelo de;?;http://viaf.org/viaf/24949274;Historia de las Islas del Archipielago, y reynos de la gran China, Tartaria, Cvchinchina, Malaca, Sian, Camboxa y Jappon;Historia de las Islas del Archipielago, y reynos de la gran China, Tartaria, Cvchinchina, Malaca, Sian, Camboxa y Jappon;1601;Barcelona;;Gabriel Graells;Spanish;;China;Vietnam;Malakka;Japan;Japan;
Ribadeneira, Marcelo de;?;http://viaf.org/viaf/24949274;Breue relacion de la vida, y muerte de los protomartires del Iapon, religiosos professos de la Orden de N.P. San Francisco, y de sus 17 compañeros legos, Terceros de la mesma Orden, que con ellos padecieron el mesmo martirio;Breue relacion de la vida, y muerte de los protomartires del Iapon, religiosos professos de la Orden de N.P. San Francisco, y de sus 17 compañeros legos, Terceros de la mesma Orden, que con ellos padecieron el mesmo martirio;1628;Sevilla;;Pedro Gómez de Pastrana;Spanish;;Franciscans;Japan;Martyrs of Japan;Martyrdom;;
Froís, Luís;1532 - 1597;http://viaf.org/viaf/44369221;Luis Frois. Relación del martirio de los veintiséis cristianos crucificados en Nangasaqui el 5 de febrero de 1597;Luis Frois. Relación del martirio de los veintiséis cristianos crucificados en Nangasaqui el 5 de febrero de 1597;1935;Rome;Galdós, R.;Università Gregoriana;Portuguese;;Jesuits (S.J.);Japan;Martyrs of Japan;Martyrdom;;
Guerreiro, Fernão;1550? - 1617;http://viaf.org/viaf/36967859;Relaçam annal das cousas que fezeram os Padres da Companhia de Iesus nas partes da India Oriental, & en alguas outras da conquista desde reyno no anno de 606 & 607 de processo da conuersao, & Christandade daquellos partes;Relaçam annal das cousas que fezeram os Padres da Companhia de Iesus nas partes da India Oriental, & en alguas outras da conquista desde reyno no anno de 606 & 607 de processo da conuersao, & Christandade daquellos partes;1609;Lisbon;;Pedro Crasbeck;Portuguese;;Portuguese Empire;Asia;India;Japan;Letters;
Hortensius, Lambertus;[1500] - [1574];http://viaf.org/viaf/18163012/#Hortensius,_Lambertus,_1500?-1574?;Oproeren der Wederdoperen, geschiet tot Amsterdam, Munster en in Groeningerlandt, Beschreven door Lambertus Hortensius van Montfort, in sijn leven Rector der Schoole tot Naerden. Geciert met schoone koopere Platen.  ;Oproeren der Wederdoperen, geschiet tot Amsterdam, Munster en in Groeningerlandt ...;1660;Amsterdam;;Samuel Imbrechts ;Dutch ;;Anabaptism;Anti-Anabaptist Controversy;Münster;Netherlands;;https://books.google.com/books?id=wnRhAAAAcAAJ&printsec=frontcover&source=gbs_ge_summary_r&cad=0#v=onepage&q&f=false
Guerreiro, Fernão;1550? - 1617;http://viaf.org/viaf/36967859;Relacão anual das coisas que fizeram os padres da Companhia de Jesus nas suas missões do Japaõ, China, Cataio, Tidore, Ternate, Ambóino, Malaca, Pegu, Bengala, Bisnagá, Maduré costa da Pescaria, Manar, Ceilão, Travancor, Malabar, Sodomala, Goa, Salcete, Lahor, Diu, Etiopia a alta ou Preste João, Monomotapa, Angola, Guiné, Serra Leoa, Cabo Verde e Brasil nos anos de 1600 a 1609;;1930-42;Coimbra;;Imprensa da Universidade;Portuguese;;Jesuits (SJ);Asia;Japan, Catholic Missions;Japan;China;
Anonymous / Unknown;;;Diccionario Histórico de la Compañía de Jesús;;2001;Madrid;O'Neill, Charles E;Servicio de Publicaciones de la Universidad Pontificia de Comillas;Portuguese;;Jesuits (SJ);Asia;Japan, Catholic Missions;Japan;China;
Anonymous / Unknown;;;Documentos del Japón 1547-1557;;1990;Rome;Ruiz de Medina, Juan;Institutum Historicum Societatis Iesu;Spanish;;Jesuits (SJ);Asia;Japan, Catholic Missions;Japan;;
Anonymous / Unknown;;;Documentos del Japón 1558-1562;;1995;Rome;Ruiz de Medina, Juan;Institutum Historicum Societatis Iesu;Spanish;;Jesuits (SJ);Asia;Japan, Catholic Missions;Japan;;
Anonymous / Unknown;;;El Martiriologio de Japón;;1999;Rome;Ruiz de Medina, Juan;Institutum Historicum Societatis Iesu;Spanish;;Jesuits (SJ);Asia;Japan, Catholic Missions;Japan;;
Santa Maria, Juan de;1551 - 1622;http://viaf.org/viaf/17566411;Relacion del Martirio que seys Padres Descalços Franciscos, tres hermanos de la Compañia de Iesus, y diecisiete Iapones Christianos padecieron en Japon;;1601;Madrid;;Herederos de Iuan Iñiguez de Lequerica;Spanish;;Franciscans (OFM);Asia;Japan, Catholic Missions;Japan;;
Anonymous / Unknown;;;Documentos sobre el Japón conservados en la Colección 'Cortes' de la Real Academia de la Historia;;1961;Madrid;Schütte, Josef Franz;Maestre;Spanish;;Asia;Japan, Catholic Missions;Japan;;;
Anonymous / Unknown;;;Nagasaki. Gesta Martirial en Japón (1597) Documentos;;1998;Salamanca;Tellechea Idígoras, José Ignacio;Publicaciones Universidad Pontificia;Spanish;;Martyrs of Japan;Asia;Japan, Catholic Missions;Japan;;
Bartoli, Daniello;1608- 1685;http://viaf.org/viaf/64074445;Missione al Gran Mogòr;;1998;Rome;Basile, Bruna;Salerno Editrice;Italian;;Jesuits (SJ);Asia;Japan, Catholic Missions;India;;
Bouvet, Joachim;1656 - 1730;http://viaf.org/viaf/20476729;L’imperatore della Cina;;2015;Milan;Catto, Michela;Guanda;Italian;;Jesuits (SJ);Asia;Japan, Catholic Missions;China;;
Tello de Guzmán, Francisco;?;http://viaf.org/viaf/293145857128922922944;Relacion que Don Francisco Tello, governador y capitan general de las Philippinas embio de seys Frayles Españoles de la Orden de San Francisco, que cruci- ficaron los del Iapon, este año proximo passado de 1597. Con otras veynte personas Iapones que murieron juntamente con ellos animados por los sanctos Frayles y convertidos a su Predicacion;;1598;Seville;;Sebastian de Mena;Spanish;;Franciscans (OFM);Asia;Japan, Catholic Missions;Japan;;
Anonymous / Unknown;;;La Première Ambassade du Japon en Europe, 1582–1592;;1942;Tokyo;Abranches Pinto, J.A & Okamoto, Y. & Bernard, H.;Sophia University Press;French;;Jesuits (SJ);Asia;Japan, Catholic Missions;Japan;;
Anonymous / Unknown;;;Relacion de las grandes y nuevas persecuciones que al presente se han levantado en el Japon contra los Christianos, y religiosos que andan predicando en aquel reyno;;1619;Seville;;;Spanish;;Martyrs of Japan;Asia;Japan, Catholic Missions;Japan;;
Anonymous / Unknown;;;Histoire de l’Estat de la Chrestienté au Japon, et du glorieux martyre de plusieurs Chrestiens. En la grande persecution de l’an 1612, 1613, et 1614;;1618;Douai;;Baltazar Bellere;French;;Martyrs of Japan;Asia;Japan, Catholic Missions;Japan;;
Spinola, Fabio Ambrogio;1593 - 1671;http://viaf.org/viaf/27499653;Vita del P. Carlo Spinola della Compagnia di Giesù morto per la santa fede nel Giappone;;1628;Rome;;Francesco Corbelletti;Italian;;Martyrs of Japan;Asia;Japan, Catholic Missions;Japan;Spinola, Carlo;
Anonymous / Unknown;;;Kurtze Relation, was inn den Königreichen Iapon unnd China In den Jahren 1618, 1619, und 1620 mit außbreittung deß Christlichen Glaubens sich begeben: Auch was massen vil Christen / so wohl Geistliche als Weltliche / darüber ihr Blut vergossen un die Marter Cron erlangt;;1621;Augsburg;;;German;;China;Asia;Japan, Catholic Missions;Japan;;
González, Domingo OP;1614 - 1653;http://viaf.org/viaf/509145858288323022702;Relatione del martirio del B.P. Alonso Navarrete dell’ordine de Predi- catore & del suo compagno il B.P. Fra Ernando di S. Gioseppe dell’ordine di Santo Agostino, del B.P. Fra Pietro dell’Assuntione dell’ordine di S. Francesco, et del B.P. Gio. Battista Tavora della Compagnia de Giesù;;1620;Naples;;;Italian;;Franciscans;Augustinians;Japan, Catholic Missions;Asia;Navarrete, Alfonso;
Manzano, Melchior de;?;;Relatione vera del prestante, & eccellente martirio de dieci religiosi dell’Ordine de Predicatore, sostenuto nel popolato Impero del Giappone per l’amore di Christo Nostro Signore l’anno 1622 & d’un’altro religioso dello stesso Ordine nel detto regno l’anno 1618;;1622;Venice;;;Italian;;Franciscans;Asia;Japan, Catholic Missions;Japan;;
Anonymous / Unknown;;;Relación breve de los grandes y rigurosos martirios que el año passado de 1622. dieron en el Japón, a ciento y diez y ocho illustrissimos martyres, sacada principalmente de las cartas de los padres de la Compañia de Jesús que allí residen;;1624;Lisbon;;Geraldo da Vinha;Portuguese;;Jesuits (SJ);Asia;Japan, Catholic Missions;Japan;Martyrs of Japan;
Cardim, António Francisco;1596 - 1659;http://viaf.org/viaf/25034699;Elogios e Ramalhete de Flores borrifado com o Sangue dos Religiosos da Companhia de Jesu, a quem os tyrannos do Imperio de Iappão tirarão as vidas por odio da Fé Catholica;;1650;Lisbon;;;Portuguese;;Jesuits (SJ);Asia;Japan, Catholic Missions;Japan;Martyrs of Japan;
Pérez, Jerónimo;1595 - 1675;http://viaf.org/viaf/89272476;Relacion de lo que asta agora se a sabido de la vida, y Martyrio del milagroso Padre Marcelo Francisco Mastrilli de la Compañia de Iesus, martyrizado en la ciudad de Nãgasaqui del Imperio de Japõ a 17 de Octubre de 1637;;1639;Manila;;;Spanish;;Jesuits (SJ);Mastrilli, Marcello;Japan, Catholic Missions;Japan;Martyrs of Japan;
Montanus, Arnoldus;1625 - 1683;http://viaf.org/viaf/17233523;Ambassades Mémorables de la Compagnie de Indes Orientales des Provinces Unies vers les Empereurs du Japon;;1680;Amsterdam;;Jacob Meurs;French;;Japan;Asia;Japan, Catholic Missions;;;
Cardim, António Francisco;1596 - 1659;http://viaf.org/viaf/25034699;Mors felicissima qvatvor legatorvm Lvsitanorvm et sociorvm quos Iapponiæ imperator occidit in odium christianæ religionis;;1646;Rome;;Corbelletti;Latin;;Jesuits (SJ);Asia;Japan, Catholic Missions;Japan;Martyrs of Japan;
Cardim, António Francisco;1596 - 1659;http://viaf.org/viaf/25034699;Catalogvs regvlarivm, et secvlarivm, qui in Iapponiæ regnis vsque a fundata ibi à S. Francisco Xaverio gentis apostolo ecclesia ab ethnicis in odium christianæ fidei sub quatuor tyrannis violenta morte sublati sunt;;1646;Rome;;Corbelletti;Latin;;Jesuits (SJ);Asia;Japan, Catholic Missions;Japan;Martyrs of Japan;
Cardim, António Francisco;1596 - 1659;http://viaf.org/viaf/25034699;Fasciculus e Iapponicis floribus, suo adhuc madentibus sanguine;;1646;Rome;;Corbelletti;Latin;;Jesuits (SJ);Asia;Japan, Catholic Missions;Japan;Martyrs of Japan;
Trigault, Nicolas;1577 - 1628;http://viaf.org/viaf/2477678;De Christianis Apvd Iaponios Trivmphis Sive De Gravissima Ibidem Contra Christi Fidem Persecvtione Exorta Anno M DC XII Vsq. Ad Annvm M DC XX. Libri Qvinq. : In annos totidem summa cum fide ex annuis Societatis Iesv litteris continua historiæ serie distributi Ad Serenissimos Vtriusq. Bavariae Dvces Gvlielmvm Parentem, Maximilianvm, Ferdinandvm, Albertvm FFF.;;1623;Munich;;Sadeler;Latin;;Jesuits (SJ);Asia;Japan, Catholic Missions;Japan;Martyrs of Japan;
Valignano, Alessandro;1538 - 1606;http://viaf.org/viaf/76359221;Alejandro Valignano. Sumario de las cosas de Japón (1583) y Adiciones del Sumario de Japón (1592);;1954;Tokyo;Álvarez-Taladriz, José Luis;Sophia University;Spanish;;Jesuits (SJ);Japan;Japan, Catholic Missions;;Martyrs of Japan;
Anonymous / Unknown;;;Una carta inédita de Maeda Gei (1593) al P. Pedro Gómez SJ;;?;Osaka;Álvarez-Taladriz, José Luis;Sophia University;Spanish;;Jesuits (SJ);Japan;Japan, Catholic Missions;;Martyrs of Japan;
Anonymous / Unknown;;;Fuentes europeas sobre Murayama Toan (1562-1619);;1966;Osaka;Álvarez-Taladriz, José Luis;Tenri Daigaku Gakuho n. 51, 93-114;Spanish;;Jesuits (SJ);Japan;Japan, Catholic Missions;;Martyrs of Japan;
Anonymous / Unknown;;;La razón de estado y la persecución del cristianismo en Japón los siglos XVI y XVII;;2014;Osaka;Álvarez-Taladriz, José Luis;Eichi University n. 2, 57-80;Spanish;;Jesuits (SJ);Japan;Japan, Catholic Missions;Nagasaki;Martyrs of Japan;
Anonymous / Unknown;;;Primera información auténtica de los 26 santos de Japón, hecha en Nagasaki en febrero de 1597,por el obispo D. Pedro Martinez;;1967;Osaka;Álvarez-Taladriz, José Luis;Gaikokugo Daigaku Gkuho n. 17, 15-37;Spanish;;Jesuits (SJ);Japan;Japan, Catholic Missions;Nagasaki;Martyrs of Japan;
Anonymous / Unknown;;;El padre Pedro Morejón SJ sobre Arima Harunobu y Sebastián Vizcaíno (1612);;1983;Tenri;Álvarez-Taladriz, José Luis;Tenri Daigaku Gakuho n. 138, 90-115;Spanish;;Jesuits (SJ);Japan;Japan, Catholic Missions;;Martyrs of Japan;
Anonymous / Unknown;;;El problema de ocultarse o manifestarse en tiempo de persecución;;1987;Osaka;Álvarez-Taladriz, José Luis;Sapientia, Eichi University Review n. 22, 89-117;Spanish;;Jesuits (SJ);Japan;Japan, Catholic Missions;;Martyrs of Japan;
Anonymous / Unknown;;;Apuntes sobre la fusta del P. Gaspar Coelho, viceprovincial de Japón (1583-1587);;?;Osaka;Álvarez-Taladriz, José Luis;Sapientia, Eichi University Review n. 22, 133-149;Spanish;;Jesuits (SJ);Japan;Japan, Catholic Missions;;Martyrs of Japan;
Ginnaro, Bernardino;? - 1644;http://viaf.org/viaf/34801651;Relación del Reyno de Nippón a que corruptamente llaman Jappón;;1996;;Schilling, Doroteo & Lejarza, Fidel;Aia, vol. 37 y 38;Spanish;;Jesuits (SJ);Japan;Japan, Catholic Missions;;Martyrs of Japan;
Guzmán, Luis de;1544 - 1605;http://viaf.org/viaf/15114938;Historia de las Misiones de la Companía de Jesús en la India Oriental, en la China y Japón desde 1540 hasta 1600;;1891;Alcalá;;El Mensajero del corazon de Jesus;Spanish;;Jesuits (SJ);Japan;Japan, Catholic Missions;China;Martyrs of Japan;
Anonymous / Unknown;;;Textus Catalogorum Japoniae;;1975;Rome;Schütte, Josef Franz;Monumenta Historica Japoniae 1,111;;;Jesuits (SJ);Japan;Japan, Catholic Missions;;Martyrs of Japan;
Anonymous / Unknown;;;Kirishito ki und Sayo Yoroku. Japanische Dokumente zur Missionsgeschichte des 17. Jahrhunderts;;1940;Tokyo;Voss, Gustav and Cieslik, Hubert;Monumenta Nipponica Monographs 1;Japanese;;Jesuits (SJ);Japan;Japan, Catholic Missions;;Martyrs of Japan;
Tanner, Matěj;1630 - 1692;http://viaf.org/viaf/35377124;Societas Jesu Usque Ad Sanguinis Et Vitae Profusionem Militans, In Europa, Africa, Asia, Et America, Contra Gentiles, Mahometanos, Judaeos, Haereticos, Impios, Pro Deo, Fide Ecclesia, Pietate Sive Vita, Et Mors Eorum, Qui Ex Societate Jesu in causa Fidei, & Viirtutis propugnatae, violentâ morte toto Orbe sublati sunt;;1675;Praga;;Universitatis Carolo Ferdinandeae;Latin;;Jesuits (SJ);Catholic Missions;Martyrs of Japan;;;
Anonymous / Unknown;;;Relações de Moçambique Setecentista;;1955;Lisbon;Andrade, A.A.;in Relações de Moçambique Setecentista, Agencia Geral do Ultramar 139-188;Portuguese;;Jesuits (SJ);Catholic Missions;Mozambique;Africa;;
Anonymous / Unknown;;;Carta que Antonio Caiado escrevou de Manamotapa a outro seu amigo que estava em outro logar da mesma terra-1561;;1959;;Caiado, A.;in Theal, G.M. *** vol. II, 99-104;Portuguese;;Jesuits (SJ);Catholic Missions;Monomotapa;Africa;;
Anonymous / Unknown;;;Documentos sobre os Portugueses em Moçambique e na África Central, 1497-1840;;1962;Lisbon;Silva Rego, A.D. & Baxter, T.W.;Centro de Estudos Históricos Ultramarinos;Portuguese;;Catholic Missions;Africa;Mozambique;;;
Godinho, Nicolao;1559? - 1616;http://viaf.org/viaf/52757119;Vida Del Bienaventurado Padre Gonzalo De Sylveira, Sacerdote De La Compañia De Jesus, Martirizado En Monomotapa, Ciudad En La Cafraria;;1614;Madrid;;Luis Sanchez;Spanish;;Jesuits (SJ);De Silveira, Gonzalo;Africa;Monomotapa;Martyrdom;
Santos, Joao dos;17th century;http://viaf.org/viaf/6367153411888741700002;Ethiopia Oriental e Varia Historia de Couzas notaveis do Oriente;;1609;Evora;;Manoel de Lyra;Portuguese;;Ethiopia;East Indies;;;;
Ginnaro, Bernardino;? - 1644;http://viaf.org/viaf/34801651;Relación del Reino del Nipón;;2019;Madrid-Würzburg;Martín Santo, Noemi;Clásicos Hispánicos;Spanish;;Travelogues;Japan;Catholic Missions;Martyrs of Japan;;
Gyūichi, Ōta;1527 - 1610?;http://viaf.org/viaf/186617834;The Chronicle of Lord Nobunaga;;2011;Leiden-Boston;"Elisonas, J.S.A.; Lamers, J.P.";Brill;English;;Japan;Catholic Missions;Martyrs of Japan;;;
Cardim, António Francisco;1596 - 1659;http://viaf.org/viaf/25034699;Catalogus regularium, et secularium, qui in Iapponiæ regnis usque a fundata ibi à S. Francisco Xaverio gentis apostolo ecclesia ab ethnicis in odium christianæ fidei sub quatuor tyrannis violenta morte sublati sunt;;1646;Rome;;Corbelletti;Latin;;Jesuits (SJ);Japan;Martyrs of Japan;;;
Cardim, António Francisco;1596 - 1659;http://viaf.org/viaf/25034699;Mors felicissima quatuor legatorum Lusitanorum et sociorum quos Iapponiæ imperator occidit in odium christianæ religionis;;1646;Rome;;Corbelletti;Latin;;Jesuits (SJ);Portuguese Empire;Catholic Missions;Martyrs of Japan;;
Cornély, Rudolf;1830 - 1908;http://viaf.org/viaf/20437792;Leben des seligen Märtyrers Karl Spinola aus der Gesellschaft Jesu : nebst kurzen Nachrichten über das Leben und den glorreichen Tod der übrigen am 7. Juli 1867 seliggesprochenen Märtyrer von Japan;;1868;Mainz;;Kirchheim;German;;Jesuits (SJ);Japan;Catholic Missions;Martyrs of Japan;;
Dufrène, Maximilian;1688 - 1768;http://viaf.org/viaf/35203263;Historischer Anfang Oder: Kurtze und leichte Weise/ die Catholische Jugend in der Historie zu unterrichten : Für die Schulen der Gesellschafft Jesu in der Oberteutschen Provintz Verfasset von einem Priester erwehnter Gesellschafft;;1739;Augsburg;;Wolff;German;;Jesuits (SJ);Catholic Missions;;;;
Marianische Sodalität (Fulda);;;Vitæ Sanctorum sacris per singulos anni dies meditationibus illustratæ, et Sodalitati Dominorum sub titulo B.V.M. annuntiatæ Fvldæ Oblatæ;;1697;Fulda;;?;Latin;;Martyrology;Catholic Missions;;;;
Orlandini, Nicola;1554 - 1606;http://viaf.org/viaf/2813152;Historiæ Societatis Iesv ... Pars 3 + 4;;1649;Rome;;Manelfius;Latin;;Jesuits (SJ);;;;;
Rhodes, Alexandre de;1591 - 1660;http://viaf.org/viaf/17353013;"Tunchinensis Historiæ Libri Duo : Quorvm Altero status temporalis huius Regni. Altero Mirabiles Evangelicæ Prædicationis progressus referuntur; Coeptæ Per Patres Societatis Iesv, ab Anno 1627. ad Annum 1646";;1652;London;;Devenet;Latin;;Jesuits (SJ);Asia;Vietnam;;;
Lucena, João da;1549 - 1600;http://viaf.org/viaf/43287683;Vita del B.P. Francesco Xavier della Compagnia di Giesv. / Composta dal P. Giovanni di Lucena in lingua Portughese, Et Trasportata Nell' Italiana dal P. Lodouico Mansoni della medesima Compagnia.;;1613;Rome;;Bartolomeo Zannetti;Italian;;Jesuits (SJ);Asia;Asia;Japan;India;
Acosta, Emanuel;1541 - 1604;http://viaf.org/viaf/100296856;"Rervm A Societate Iesv In Oriente Gestarvm Volvmen, Continens Historiam iucundam lectu omnibus Christianis, præsertimijs, quibus vera Religio est cordi ... ; Nunc pluribus vltra omnes editiones priores locupletatum, vt sequens pagella demonstrat";;1574;Köln;;Calenius & Quentel;Latin;;Jesuits (SJ);Asia;History;Japan;;
Aranda, Gabriel de;1650 - 1709;http://viaf.org/viaf/49083961;Vida,Y Gloriosa Mverte Del V. Padre Sebastian De Monroy, Religioso De La Compañia De Jesvs : que muriò dilatando la Fèalanceado de los barbaros en las Islas Marianas;;1690;Seville;;Lopez de Haro;Spanish;;Jesuits (SJ);Marianas Islands;Catholic Missions;De Monroy, Sebastian;Martyrdom;
Tanner, Matěj;1630 - 1692;http://viaf.org/viaf/35377124;Societas Jesu usque ad sudorem & mortem Pro Salute Proximi laborans;;1690;Praga;;Typographia Universitatis Carolo Ferdinandeae in Collegio Societatis Jesu ad S. Clementem;Latin;;Jesuits (SJ);Martyrology;Catholic Missions;Asia;;
Louvois, Francois Michel Le Tellier;1639 - 1691;http://viaf.org/viaf/29542678;Defense des nouveaux chrestiens et des missionnaires de la Chine, du Japon, & des Indes : contre deux livres intitulez la Morale pratique des Jesuites, et l'esprit de Arnauld;;1687;Paris;;Michallet;French;;Jesuits (SJ);China;Japan;Cross cultural encounters;;
Hazart, Cornelius;1617 - 1690;http://viaf.org/viaf/8467883;In sich begreiffend Die Asiatische Länder, Japon, China, Tartaria, Mogor, und Bisnagar;;1678;Vienna;;Voigt;German;;Asia;Japan;China;India;History;
Martini, Martino;1614 - 1661;http://viaf.org/viaf/12554068;Novus Atlas Sinensis / a Martino Martinio ... Descriptus Et ... Archiduci Leopoldo Gulielmo Austriaco Dedicatus;;[1655];[Amsterdam];;[Blaeu];Latin;;Jesuits (SJ);China;Catholic Missions;Martini, Martino;;
Cardim, António Francisco;1596 - 1659;http://viaf.org/viaf/25034699;Fasciculus e Iapponicis floribus, svo adhuc madentibus sanguine;;1646;Rome;;Corbelletti;Latin;;Jesuits (SJ);Japan;Catholic Missions;Blood;Martyrs of Japan;
Torsellino, Orazio;1545 - 1599;http://viaf.org/viaf/51794684;"De Vita S. Francisci Xaverii Qui primus e Societate Iesu in Indiam & Iaponiam Evangelium invexit : LibriSex Horatii Tursellini, E Societate Jesu ; Accesserunt Ex Relatione Facta in Consistorio Secreto coramS.D.N. Gregorio Papa XV. quædam Miracula, quæ in Vita non habentur";;1627;Munich;;Leysserius;Latin;;Jesuits (SJ);Asia;Catholic Missions;India;Japan;
Trigault, Nicolas;1577 - 1628;http://viaf.org/viaf/2477678;De Christianis Apud Iaponios Triumphis Sive De Gravissima Ibidem Contra Christi Fidem Persecutione Exorta Anno M DCXII Usq. Ad Annum M DC XX. Libri Quinque: In annos totidem summa cum fide ex annuis Societatis Iesu litteris continua historiæ serie distributi Ad Serenissimos Utriusq. Bavariae Duces Gvlielmum Parentem, Maximilianum, Ferdinandum, Albertum FFF. / Auctore P. Nicolao Trigautio eiusdem Societatis sacerdote Belga Duacensi. Cum Raderi Auctario Et Iconibus Sadelerianis;;1623;Munich;;[Sadeler];Latin;;Jesuits (SJ);Asia;Catholic Missions;Japan;Martyrs of Japan;
Ricci, Matteo;1552 - 1610;http://viaf.org/viaf/69722279;De Christiana Expeditione Apvd. Sinas. Svscepta. Ab Societate Jesv. Ex P. Matthæi Ricij eiusdemSocietatis Comentarijs. Libri. V : Ad. S.D.N. Pavlvm. V. In quibus Sinensis Regni mores, leges atq. instituta& nouæ illius Ecclesiæ difficillima primordia accurate & summa fide describuntur / Auctore P. Nicolao Trigavtio Belga ex eadem Societate.;;1615;Vienna;;Mang;Latin;;Jesuits (SJ);China;Catholic Missions;Ricci, Matteo;;
Pasio, Francesco;1551 - 1612;http://viaf.org/viaf/3539150;Relatio Historica Rervm In Iaponiæ Regno Gestarvm Anno Domini 1603. 1604. 1605. & parte 1606.ternis annuis litteris comprehensa / ... A P. Francisco Pasio Illarum Partium V. Provinciale Ad R.P.N. Claudium Aquavivam Societatis Jesu Præpositum Generalem missa;;1610;Mainz;;Balthasar Lippius;Latin;;Jesuits (SJ);Japan;Catholic Missions;Pasio, Francisco;Martyrs of Japan;
Pimenta, Nicolau;1546 - 1616;http://viaf.org/viaf/71638437;Exemplum Epistolae P. Nicolai Pimenta Provinciæ Orientalis Indiæ Visitatoris Ad Admodum R.P.Claudium Aquavivam, Præpositum Generalem Societatis Jesu, De Statu Rei Christianæ in India OrientaliCalendis Decembris Anno 1600. datæ : Excusum Primo Rome apud Ludovicum Zanetti 1602 ... / [Ex idiomate Italico in latinam translatum a J. B. S. J.];;1602;Mainz;;Albinus;Latin;;Jesuits (SJ);Asia;Catholic Missions;Pimenta, Nicolò;;
Pimenta, Nicolau;1546 - 1616;http://viaf.org/viaf/71638437;Nova Relatio Historica De Rebvs In India Orientali`a Patribus Societatis Iesv, Anno 1598. & 99. gestis / A R. P. Nicolao Pimenta visitatore Societatis Iesv, ad R. P. Claudium Aquauiuam eiusdem Societatis Praepositum Generalem missa;;1601;Mainz;;Albinus;Latin;;Jesuits (SJ);Asia;Catholic Missions;Pimenta, Nicolò;;
Francis Xavier;1506 - 1552;http://viaf.org/viaf/51717999;Francisci Xaverii epistolarum libri quatuor / ab Horatio Tursellino S.J. ... in Latinum conversi ex Hispano ...;;1600;Mainz;;Balthasar Lippius;Latin;;Jesuits (SJ);Asia;Catholic Missions;India;Japan;
Froís, Luís;1532 - 1597;http://viaf.org/viaf/44369221;De Rebus Iaponicis Historica Relatio : Eaqve Triplex: I. De gloriosa morte 26. crucifixorum. II. DeLegatione Regis Chinensium ad Regem Iaponiae, et de Prodigijs legationem antegressis. III. De rebus perIaponiam anno 1596. a pp. Soc. Iesv durante persecutione gestis / a R. P. Lvdovico Frois Societatis Iesv, ad R. P. Clavdivm Aquauiuam, eiusdem Societatis praepositum Generalem missa, et ex Italico idiomate Moguntiae in Latinam linguam translata;;1599;Mainz;;Albin;Latin;;Jesuits (SJ);Japan;Catholic Missions;Martyrs of Japan;China;
Froís, Luís;1532 - 1597;http://viaf.org/viaf/44369221;Drey Japponische Schreiben. Das erst. Was massen 26.Geistliche vnd Weltliche Personen, vmb Christiwillen, am Creutz get[oe]dt. Das ander. Jnnhalt etlicher Wunder vnd schrecklichen f[ue]rgelauffenenZeichen. Das dritt Jahrschreiben, was die Societet Jesu im 96.Jahr in deß HERREN Weinberg außgericht. / An den E.P. Claudium Aquauiuam, der Societet Jesu Generaln, durch Ludouicum Frois auß Jappon gethon. Auß Jtalienischer, in die Hochteutsche Spraach vbersetzt.;;1599;Mainz;;Albin;German;;Jesuits (SJ);Japan;Catholic Missions;Martyrs of Japan;;
Peruschi, Giambattista;1525 - 1598;http://viaf.org/viaf/23076983;Historica relatio de potentissimi regis Mogor, a magno Tamerlane oriundi, vita, moribus, et summa in ChrIstianam Religionem propensione : deinde de omnum Iaponiae Regnorum, quae uni nunc monarchae Quabacundono parent, proxima ad Regnum Christi conversione. Collecta ex Epistolis Anno M.D.XCII.XCIIII.&XCV. inde datis;;1598;Mainz;;Breem;Latin;;Asia;Catholic Missions;India;;;
Boehme, Johann;1485 - 1535;http://viaf.org/viaf/100160347;Orbis terrarum epitome in qua mores, leges, ritus omnium gentium : una cum Henrici Farnesii ... Castigatione, et censura: rerumque admirabilium additamentis / per Ioannem Boemum Aubanum Teutonicum ex multis Clarissimis scriptoribus collecti continentur;;1596;Papiae;;Andr. Vianus;Latin;;Asia;Catholic Missions;;;;
Froís, Luís;1532 - 1597;http://viaf.org/viaf/44369221;"Literae Annuae Iaponenses Anni 1591 ET 1592. Quibus Res Memoratu dignæ, quæ nouisChristianis ibidem toto biennio acciderunt, recensentur. A.Padre Ludovico Frois ad Reverendum Patrem Generalem Societatis Iesu conscriptæ; Nunc ... ex lingua Italica in Latinam à quodam eiusdem Societatis Traductæ.";;1596;Köln;;Falckenburg;Latin;;Jesuits (SJ);Japan;Catholic Missions;Martyrs of Japan;;
Torsellino, Orazio;1545 - 1599;http://viaf.org/viaf/51794684;Horatii Tursellini e Societate Iesu De Vita Francisci Xaverii Qui primus e Societate Iesu in Indiam & Iaponiam Evangelium invexit, Libri Sex;;1596;Rome;;Zanetti;Latin;;Jesuits (SJ);Asia;Catholic Missions;India;Japan;
Cysat, Renward;1545 - 1614;http://viaf.org/viaf/22267153;Warhafftiger Bericht Von den Newerfundnen Japponischen Jnseln vnd Koenigreichen auch von anderenzuvor vnbekandten Jndianischen Landen.Darinn der heilig Christliche Glaub wunderbarlich zunimpt vndauffwaechst. Allen frommen Christen gantz lustig vnd nutzlich zu lesen. Durch RENVVARDVM CYSATVM,Burgern zu Lucern auß dem Jtalienischen in das Teutsch gebracht und jetzt zum erstenmal im Truckaußgangen.;;1586;Freuburg;;Gemperlin;German;;Catholic Missions;Japan;;;;
Gualtieri, Guido;1565 - 1592;http://viaf.org/viaf/92145542382696641183;Relationi Della Venuta Degli Ambasciatori Giaponesi a Rome sino alla partita di Lisbona / con le accoglienze fatte loro da tutti i principi chistiani, per dove sono passati. Raccolte da Guido Gualtieri;;1586;Rome;;Zannetti;Italian;;Jesuits (SJ);Japan;Catholic Missions;cross cultural encounters;;
Anonymous / Unknown;;;Lettere del Giappone dell' anno M.D.LXXII : Scritte Dalli Reverendi Padri della Compagnia di Giesù;;1579;Rome;;Zannetti;Italian;;Jesuits (SJ);Japan;Catholic Missions;Martyrs of Japan;;
Acosta, Emanuel;1541 - 1604;http://viaf.org/viaf/100296856;"Rerum A Societate Iesu In Oriente Gestarum Volumen, Continens Historiam iucundam lectu omnibus Christianis, præsertimijs, quibus vera Religio est cordi ... ; Nunc pluribus vltra omnes editiones priores locupletatum, ut sequens pagella demonstrat";;1574;Köln;;Calenius & Quentel;Latin;;Jesuits (SJ);Asia;Catholic Missions;India;Japan;
González de Santalla, Tirso;1624 - 1705;http://viaf.org/viaf/42699163;Manuductio Ad Conversionem Mahumetanorum : In Duas Partes Divisa;;1689;Dillingen;;"Bencard; Knab";Latin;;Jesuits (SJ);Catholic Missions;;;;
