AUTHOR;DATES / CENTURY;VIAF;TITLE;YEAR;PLACE;EDITOR;PUBLISHER / DEALER;LANGUAGE;other EDITIONS;KEY WORD 1; KEY WORDS 2;KEY WORDS 3;KEY WORDS 4;KEY WORDS 5;KEY WORDS Unite;LINKS;TOPIC OR SUBJECT 1;TOPIC OR SUBJECT 2;TOPIC OR SUBJECT 3
Parker, Samuel;1640 - 1688;http://viaf.org/viaf/79251518;"Dr. Samuel Parker Lord Bishop of Oxford's Reasons for abrogating the test imposed upon all Members of Parliament. Anno 1678. Octob. 30 : In these words: I A.B. do solemnly and sincerely, in the presence of God, profess, testifie, and declare, that I do believe that in the Sacrament of the Lord's Supper there is not any transubstantiation of the elements of bread and wine into the body and blood of Christ, at, or after the consecration thereof by any persons whatsoever; and that the invocation or adoration of the Virgin Mary, or any other saint, and the sacrifice of the Mass, as they are now used in the Church of Rome, are superstitious and idolatrous. First written for the author's own satisfaction; and now published for the benefit of all others whom it may concern.
";1688;[Edinburgh];;Holy-Rood-House;English;;Doctrinal;Anglican;Eucharist;Transubstantiation;;"Doctrinal;Anglican;Eucharist;Transubstantiation;";https://books.google.it/books?id=7NtmAAAAcAAJ&printsec=frontcover&hl=it&source=gbs_ge_summary_r&cad=0#v=onepage&q&f=false;3. Sacrifice and politics (16th-18th century);4. Sacrifice and Eucharist (16th-18th century);
Anonymous / Unknown;? - ?;;Balaams Asse, Or The City-Fast For Cursing the King : and Blessing Oliver. With the Peoples Speech to their Independent Drivers. And the Asses Sacrifice, or good speed to Oliver.;1649;n. p.;;n. p.;English;;English Civil War;Regicide;Bible, Numbers;;;"English Civil War;Regicide;Bible, Numbers;;";"https://quod.lib.umich.edu/cgi/t/text/text-idx?c=eebo2;idno=A77769.0001.001 ";3. Sacrifice and politics (16th-18th century);;
Adams, Thomas;1583 - 1652;http://viaf.org/viaf/19934845;The sacrifice of thankefulnesse A sermon preached at Pauls Crosse, the third of December, being the first Adventuall Sunday, anno 1615 ;1616;London;;Thomas Purfoot, for Clement Knight;English;;Sermons;Puritanism;Eucharist;Christ's sacrifice;;"Sermons;Puritanism;Eucharist;Christ's sacrifice;";https://ota.bodleian.ox.ac.uk/repository/xmlui/bitstream/handle/20.500.12024/A02367/A02367.html?sequence=5&isAllowed=y#index.xml-group.1_text.1_body.1_div.1_div.8;4. Sacrifice and Eucharist (16th-18th century);;
Allen, William;1532 - 1594;http://viaf.org/viaf/9856234;Regii Sacrae theologiae professoris in academia duacensi libri tres. Id est, De Sacramentis in genere, Lib. I. De Sacramento Eucharistiae. Lib. I. De Sacrificio Eucharistiae. Lib. I.: Ex vivae vocis diligenti & accurata tractatione, quem idem his in rebus contra nostri Temporis Haereticos in Schola Theologorum habuit;1576;Antwerp;;Iohannes Foulerus;Latin;London, John Haviland for John Bellamie, 1622;Catholicism;Sacraments;Controversy;Eucharist;;"Catholicism;Sacraments;Controversy;Eucharist;";https://books.google.it/books?id=kTLI6fmRlBsC&printsec=frontcover&source=gbs_v2_summary_r&redir_esc=y#v=onepage&q&f=false;4. Sacrifice and Eucharist (16th-18th century);;
Aresi, Paolo;1574 - 1644;http://viaf.org/viaf/22387007;Disputatio de aquae transmutatione in sacrificio missa;1628;Antwerp ;;Martinus Nutius;Latin;;Catholicism;Disputes;Sacraments;Mass;;"Catholicism;Disputes;Sacraments;Mass;";https://books.google.it/books?id=FyxAAAAAcAAJ&printsec=frontcover&redir_esc=y#v=onepage&q&f=false;4. Sacrifice and Eucharist (16th-18th century);;
Aversa, Raffaele;1589 - 1657;http://viaf.org/viaf/79120330;De eucharistiae sacramento et sacrificio, de poenitentiae sacramento et virtute et de extrema Unctione: tractatus theologici ac morales speculatiua simul et practica doctrina accurate ac dilucide complectens;1642;Bologna;;Carolus Zenerus;Latin;;Catholicism;Disputes;Sacraments;Mass;;"Catholicism;Disputes;Sacraments;Mass;";https://books.googleusercontent.com/books/content?req=AKW5QacPIA5Mo71gW39JTf12eNC1li840YdqkvRpETm8dBY-TSeV0pd6haMBxF_k_dyezlII5kXMakr5NgKOO1Qly006an4Hpn2joQGiHYpBupia4eo3GHlBejMDTFEh0qVLZdGpitZe6SBVGAtNdrSzR9wDRtjYRF8SKH4OMBl6TxgfSHBYewA9ScQ590ZqMetIjs3KeB6CmKprXRKQyb_9OCPnCqnk9sx9jaYcAVaEhltR_uPd4rMC0XQkQSWN_aQGBVmLoeQj1jgQIh1evZgJudOPiMoYT0fO4UB8fqTD2TrHCEBjl8A;4. Sacrifice and Eucharist (16th-18th century);;
Bacherius, Petrus;1517 - 1601;http://viaf.org/viaf/101053694;Libelli duo in misoliturgos, hoc est, missae osores quorum prior de Iudaeorum paganorumque sacrificiis generatim, posterior vero de unico Christianorum sacrificio late tractat;1556;Gand;;Cornelius Manilius;Latin;;Catholicism;Judaism;Paganism;Patristics;Mass;"Catholicism;Judaism;Paganism;Patristics;Mass";https://books.googleusercontent.com/books/content?req=AKW5QadAedIGfUg7J49hMtw9V113iBVU47w9ya_RN7K-p-R0RxbWvMuveqs62yDH1rzlhoHOSTcK15QwbMuru2UZPi_VPez8Fr8n13wY8PUJomtq3a0N2CUL3ENkehCnYuu8i-dXZ-ZX1qiUJlFNmp4n2vYnNaaO-Pp5Gkw3lR6ldLcO6SGKeAPCKtbI27DoQFiNShamUhiGXV20R9X3nKEayi3KiSNlsT34xsj3OtV_UMMf_wSpsbSecT2IW0lGn1Raia7jjKomdjbZCAwWktY3hawmor3K0DjJH_DS4AwMH65Miu7EuJ4;4. Sacrifice and Eucharist (16th-18th century);1. Sacrifice and Bible (16th-18th century);2. Sacrifice and religion: comparisons antiquarians anthropology (16th-18th century)
Bacmeister, Lucas;1530 - 1608;http://viaf.org/viaf/57440260;Disputatio complectens summam et ordinem doctrinae, in epistola ad Hebraeos traditae, De sacerdotio et sacrificio Christi: instituta, ut studiosi ad lectionem eius epistolae invitentur;1569;Rostock;;Lucius;Latin;;Lutheranism;Disputes;Bible, New Testament;Christ's Sacrifice;;"Lutheranism;Disputes;Bible, New Testament;Christ's Sacrifice;";https://books.google.it/books?id=Y_U7AAAAcAAJ&printsec=frontcover&redir_esc=y#v=onepage&q&f=false;4. Sacrifice and Eucharist (16th-18th century);;
Bajus, Michael;1513 - 1589;http://viaf.org/viaf/27053334;De Libero hominis arbitrio eiusq[ue] potestate, liber unus Item de iustitia & iustificatione libri duo accessit praeterea eiusdem autoris de sacrificio liber unus;1563;Leuven;;Petrus Zangrius;Latin;;Catholicism;Free Will;;;;"Catholicism; Free Willi;";https://books.google.it/books?id=s82yTOflD-IC&printsec=frontcover&redir_esc=y#v=onepage&q&f=false;4. Sacrifice and Eucharist (16th-18th century);;
Beyer, Hartmann;1516 - 1577;http://viaf.org/viaf/50016413;De ficticio Missae Sacrificio argumenta Sophistarum Pontificiorum cum refutationibus eorundem. Argumenta vera, firma, & perspicua contra Sacrificium Missae Papisticae;1550;[Magdeburg];;[Christianus Rhodius];Latin;;Lutheranism;Anti-Catholic Controversy;Mass;;;"Lutheranism;Anti-Catholic Controversy;Mass;;";https://daten.digitale-sammlungen.de/~db/0001/bsb00017784/images/;4. Sacrifice and Eucharist (16th-18th century);;
Bona, Giovanni;1609 - 1674;http://viaf.org/viaf/37060997;De sacrificio Missae tractatus asceticus. Continens praxim attentè, deuotè, & reuerenter celebrandi;1658;Rome;;Fabius de Falchus;Latin;"Rothomagi, Sumpt. Lud. Billaine bibliop. parisiensis, apud quem prostat, 1668; Monachii, typis Lucae Staub, 1674; Petrum Ketteler, Coloniae, 1680; Parisiis, Vitre, Antoine, 1681; Romae, Felice Cesaretti, Giovanni Battista Bussotti, 1684; Romae & Bergomi, Rubeos, 1687; Zenobi, Romae, Gaetano & Giorgio Placho, 1699; Neapoli, Novello De Bonis, 1714;  Romae, Salvioni in Archigymnasio Sapientiae, 1718; Tridenti Johannis Baptistae Paronii, 1725; Johannis Baptistam Recurti, 1725; Lugduni, Jacobi Lions, 1730; Urbini, Antonium Fantauzzi, 1732; Monteregali, Iohannis Francisci De-Rubeis, 1733; Roma - Mediolani, Josephi Pandulphi Malatestae, 1735; Parisiis, Hippolytum-Ludovicum Guerin, 1747; Neapoli, Raimondi, Giuseppe, 1755; Parmae, fratrum Borsi, 1766; Venetiis, Petri Savioni, 1774; Roma, Generosi Salomoni, 1778";Catholicism;Catholic Liturgy;Mass;;;"Catholicism;Catholic Liturgy;Mass;;";https://archive.org/details/bub_gb_5sneAaKvCYQC;4. Sacrifice and Eucharist (16th-18th century);;
Bray, William;? - 1644;http://viaf.org/viaf/93589756;A sermon of the blessed sacrament of the Lords Supper;1641;London;; T. and R. C. for Henry Seile;English;;Last Supper;Disputes;Anglicanism;Sermons;;"Last Supper;Disputes;Anglicanism;Sermons;";"https://quod.lib.umich.edu/e/eebo2/A77288.0001.001?rgn=main;view=fulltext";4. Sacrifice and Eucharist (16th-18th century);;
Pietro Lombardo;[1110] - 1160;http://viaf.org/viaf/51797933;Examen doctrinae Sorbonicae, De Eucharistiae sacramento & sacrificio;1566;n. p.;;n. p.;Latin;;Doctrin;Eucharist;Catholic;Sorbonne University;Controversy;"Doctrin;Eucharist;Catholic;Sorbonne University;Controversy";https://books.google.it/books?id=j887AAAAcAAJ&printsec=frontcover&redir_esc=y#v=onepage&q&f=false;4. Sacrifice and Eucharist (16th-18th century);;
[Nelson, Robert];1656 - 1715;http://viaf.org/viaf/18664895;"The great duty of frequenting the Christian sacrifice, and the nature of the preparation required With suitable devotions. Partly collected from the antient liturgies. To which are perfixed instructions for confirmation
";1723;Cork;;n. p.;English;London, John Redwood, 1728;Handbooks;Eucharist;Liturgy;Duty;History;"Handbooks;Eucharist;Liturgy;Duty;History";https://books.google.it/books?id=g91nmgEACAAJ&printsec=frontcover&hl=it&source=gbs_ge_summary_r&cad=0#v=onepage&q&f=false ;4. Sacrifice and Eucharist (16th-18th century);2. Sacrifice and religion: comparisons antiquarians anthropology (16th-18th century);
Bona, Giovanni;1609 - 1674;http://viaf.org/viaf/37060997;De la Liturgie, ou Traité sur le saint sacrifice de la messe;1854;Paris;;n. p.;French;;Catholic;Eucharist;Mass;Liturgy;;"Catholic;Eucharist;Mass;Liturgy;";https://www.worldcat.org/title/de-la-liturgie-ou-traite-sur-le-saint-sacrifice-de-la-messe/oclc/1079956152&referer=brief_results;4. Sacrifice and Eucharist (16th-18th century);;
Boyd, Robert;1578 - 1627;http://viaf.org/viaf/76304323;A spirituall hymne or The sacrifice of a sinner to be offred upon the altar of a humbled heart, to Christ our Redeemer. Inverted in English sapphicks, from the Latine, of the reverend, religious, and learned divine, Mr Robert Boyd of Trocborege. By Sr William Mure yo: of Rowallane knight. By whom is also annexed a poeme, entituled Doomes-day. Containing, hells horrour, and heavens happinesse;1628;Edinburgh;;n. p.;English;;Calvinist;Presbyterian;Christ's Redemption;Individual Sacrifice;;"Calvinist;Presbyterian;Christ's Redemption;Individual Sacrifice;";https://ota.bodleian.ox.ac.uk/repository/xmlui/handle/20.500.12024/A16534 ;4. Sacrifice and Eucharist (16th-18th century);;
"Boyd, Robert; Mure, William";"1578 - 1627; 1594 - 1657";"http://viaf.org/viaf/76304324; http://viaf.org/viaf/60538685";A spirituall hymne or The sacrifice of a sinner : to be offred vpon the altar of a humbled heart, to Christ our Redeemer. Inverted in English sapphicks, from the Latine, of the reverend, religious, and learned divine, Mr Robert Boyd of Trocborege. By Sr William Mure yo: of Rowallane knight. By whom is also annexed a poeme, entituled Doomes-day. Containing, hells horrour, and heavens happinesse;1628;Edinburgh;;Wreittoun Iohn;English;;Spiritual;Scotland;Sin;Hymn;;"Spiritual;Scotland;Sin;Hymn;";https://www.worldcat.org/title/spirituall-hymne-or-the-sacrifice-of-a-sinner-to-be-offred-vpon-the-altar-of-a-humbled-heart-to-christ-our-redeemer-inverted-in-english-sapphicks-from-the-latine-of-the-reverend-religious-and-learned-divine-mr-robert-boyd-of-trocborege-by-sr-william-mure-yo-of-rowallane-knight-by-whom-is-also-annexed-a-poeme-entituled-doomes-day-containing-hells-horrour-and-heavens-happinesse/oclc/1203324404&referer=brief_results;4. Sacrifice and Eucharist (16th-18th century);;
Brevint, Daniel;1616 - 1695;http://viaf.org/viaf/64351670;The Christian sacrament and sacrifice: by way of discourse, meditation, and prayer upon the nature, parts, and blessings of the Holy communion;1673;Oxford;;n. p.;English;London, J. Walthoe, J. Bonwicke, J. Rivington and J. Fletcher. E. Wicksteed, 1757 ;Anglican;Eucharist;Prayers;Meditations;Meditations;"Anglican;Eucharist;Prayers;Meditations;Meditations";https://translate.google.com/translate?hl=it&sl=en&u=https://quod.lib.umich.edu/e/eebo2/A29341.0001.001%3Fview%3Dtoc&prev=search&pto=aue ;4. Sacrifice and Eucharist (16th-18th century);;
Brevint, Daniel;1616 - 1695;http://viaf.org/viaf/64351670;The Christian sacrament and sacrifice. Missale Romanum;1847;London;;"Vincent J.; Hatchard and son";English;;Anglican;Eucharist;Liturgical Books;Liturgical Books;;"Anglican;Eucharist;Liturgical Books;Liturgical Books;";https://books.google.it/books?id=FrYHAAAAQAAJ&printsec=frontcover&redir_esc=y#v=onepage&q&f=false;4. Sacrifice and Eucharist (16th-18th century);;
Cennick, John;1718 - 1755;http://viaf.org/viaf/70359049;"Twenty discourses on the following important subjects, viz. I. The woman of Samaria. II. The first Principles of Christianity. III. The Sufferings and Satisfaction of Christ. IV. The Beetitudes. V. The Dasmoniac. VI. Dives and Lazarus. Vii. The hidden Treasure. Viii. The Offices of the Messiah. IX. The great Sacrifice. X. Lot's Flight. XI. Deliverance from Death. XII. The Privilege of Believers. XIII. The Patterns of Mercy. XIV. The Vision of dry Bones. XV. The Safety of a true Christian. XVI. The Assurance of Faith ; or, the Experience of a true Christian. XVII. The linsey-woolsey Garment. XVIII. The Reproach of the Cross. XIX. The Widow of Nain. XX. The beatific vision ; or, beholding Jesus crucified. By John Cennick. vol. II";1765;London;;Lewis M.;English;;Sermons;Methodist;Moravian Church;Christ's sacrifice;;"Sermons;Methodist;Moravian Church;Christ's sacrifice;";https://www.worldcat.org/title/twenty-discourses-on-the-following-important-subjects-viz-i-the-woman-of-samaria-ii-the-first-principles-of-christianity-iii-the-sufferings-and-satisfaction-of-christ-iv-the-beetitudes-v-the-dasmoniac-vi-dives-and-lazarus-vii-the-hidden-treasure-viii-the-offices-of-the-messiah-ix-the-great-sacrifice-x-lots-flight-xi-deliverance-from-death-xii-the-privilege-of-believers-xiii-the-patterns-of-mercy-xiv-the-vision-of-dry-bones-xv-the-safety-of-a-true-christian-xvi-the-assurance-of-faith-or-the-experience-of-a-true-christian-xvii-the-linsey-woolsey-garment-xviii-the-reproach-of-the-cross-xix-the-widow-of-nain-xx-the-beatific-vision-or-beholding-jesus-crucified-by-john-cennick-vol-ii/oclc/745127350&referer=brief_results;4. Sacrifice and Eucharist (16th-18th century);;
Challoner, Richard;1691 - 1781;http://viaf.org/viaf/54166109;The Catholick Christian instructed in the sacraments, sacrifice, ceremonies, and observances of the church;1737;London;;C. R.;English;;Eucharist;Catholic;Handbooks;Liturgy;;"Eucharist;Catholic;Handbooks;Liturgy;";https://books.google.it/books?id=MxMLMHCO59oC&printsec=frontcover&hl=it&source=gbs_ViewAPI&redir_esc=y#v=onepage&q&f=false ;4. Sacrifice and Eucharist (16th-18th century);;
Challoner, Richard;1691 - 1781;http://viaf.org/viaf/54166109;The Catholik Christian instructed in the Sacraments, Sacrifice, Ceremonies and Observances of the Church. By way of question and answer;1717;London;;n. p.;English;London, n. p., 1753;Handbooks;Catholic;Eucharist;Liturgy;;"Handbooks;Catholic;Eucharist;Liturgy;";https://www.worldcat.org/title/catholik-christian-instructed-in-the-sacraments-sacrifice-ceremonies-and-observances-of-the-church-by-way-of-question-and-answer-by-r-c-ie-richard-challoner/oclc/752784503?referer=di&ht=edition;4. Sacrifice and Eucharist (16th-18th century);;
Chandieu, Antoine de;1534 - 1591;http://viaf.org/viaf/64078120;Locus de unico Christi sacerdotio et sacrificio, adversus commentitium missae sacrificium, theologicè & scholasticè tractatus;1581;Geneva;;Le Preux Jean ;Latin;"Morges, J. Le Preux, 1583; Geneva, J. Le Preux, 1588";Reformed;Jesus' Sacrifice;Controversy;;;"Reformed;Jesus' Sacrifice;Controversy;;";https://www.e-rara.ch/gep_g/content/zoom/3110500 ;4. Sacrifice and Eucharist (16th-18th century);;
Chandieu, Antoine de;1534 - 1591;http://viaf.org/viaf/64078120;Traicté theologic et scholastique, de l'unique sacrificature et sacrifice de Jesus Christ : contre le controuvé sacrifice de la messe. Escrit en latin par Antoine de Chandieu excellent theologien, et nouvellement mis en françois par S. G. S.;1595;Geneva;;Le Preux Jean ;French;;Christ's sacrifice;Mass;Calvinist;Controversy;Controversy;"Christ's sacrifice;Mass;Calvinist;Controversy;Controversy";https://www.e-rara.ch/lac1_g/content/zoom/11398625;4. Sacrifice and Eucharist (16th-18th century);;
Collins, William;? - ?;;Missa triumphans, or, The triumph of the mass : wherein all the sophistical and wily arguments of Mr de Rodon against that thrice venerable sacrifice in his funestuous tract by him called, The funeral of the Mass, are fully, formally, and clearly answered : together with an appendix by way of answer to the translators preface;1675;Leuven;;F.P.M.O.P.;English;;Catholic;Controversy;Mass;Sacrament;;"Catholic;Controversy;Mass;Sacrament;";https://www.google.it/books/edition/Missa_Triumphans_or_the_Triumph_of_the_M/x7ZoAAAAcAAJ?hl=it&gbpv=1&dq=Missa+triumphans,+or,+The+triumph+of+the+mass&pg=PA192&printsec=frontcover;4. Sacrifice and Eucharist (16th-18th century);;
Coton, Pierre;1564 - 1626;http://viaf.org/viaf/76341538;Du très-sainct et très-auguste sacrement, et sacrifice de la messe... discours contre les erreurs de nostre siècle et les cayers d'un prédicant à Grenoble;1600;Avignon;;Iaques Bremereay;French;;Catholic;Jesuits (S.J.);Eucharist;Mass;Controversy;"Catholic;Jesuits (S.J.);Eucharist;Mass;Controversy";https://books.google.it/books?id=zLCNA7k8qNEC&pg=PA607&lpg=PA607&dq=Du+tr%C3%A8s-saint+et+tr%C3%A8s-auguste+sacrement,+et+sacrifice+de+la+messe...+discours+contre+les+erreurs+de+nostre+si%C3%A8cle+et+les+cayers+d%27un+pr%C3%A9dicant+%C3%A0+Grenoble&source=bl&ots=BYWJ_yD7a5&sig=ACfU3U03xH9dd36TYiUL-qyF_QWVBBO0ug&hl=it&sa=X&ved=2ahUKEwiq6IL3gK3wAhWJOuwKHfeCD3UQ6AEwB3oECAYQAw#v=onepage&q&f=false;4. Sacrifice and Eucharist (16th-18th century);;
Villegagnon, Nicolas Durand de;1510 - 1571;http://viaf.org/viaf/56620028;De Consecratione, Mystico Sacrificio, Et Dvplici Christi oblatione aduersus Vannium Lutherologiæ professorum: De Pocvlo Sangvinis Christi & introitu in sancta sanctorum, interiora velaminis aduersus Bezam: cum refutationibus quarundam propositionum Caluinologia própugnatoris;1569;Lutetia;;Sebastianum Niuellium;Latin;;Catholic;Mess;Lutheran;Controversy;Jesus' Sacrifice;"Catholic;Mess;Lutheran;Controversy;Jesus' Sacrifice";https://books.google.it/books?id=wOc7AAAAcAAJ&printsec=frontcover&redir_esc=y#v=onepage&q&f=false;4. Sacrifice and Eucharist (16th-18th century);;
Villegagnon, Nicolas Durand de;1510 - 1571;http://viaf.org/viaf/56620028;De venerandissimo Ecclesiae Sacrificio;1561;Paris;;Andream Wechelum;Latin;Parisiis, Andream Wechelum, 1562;Catholic;Mess;Church;Jesus' Sacrifice;;"Catholic;Mess;Church;Jesus' Sacrifice;";https://books.google.it/books?id=9oQ8AAAAcAAJ&printsec=frontcover&redir_esc=y#v=onepage&q&f=false;4. Sacrifice and Eucharist (16th-18th century);;
Eck, Johann;1486 - 1543;http://viaf.org/viaf/100185986;De sacrificio missae contra Lutheranos libri tres;1526;Cologne;;Io. Soterem;Latin;;Catholic;Mess;Controversy ;Lutheran;Sacrament;"Catholic;Mess;Controversy ;Lutheran;Sacrament";https://daten.digitale-sammlungen.de/0001/bsb00013344/images/index.html?fip=193.174.98.30&id=00013344&seite=1;4. Sacrifice and Eucharist (16th-18th century);;
Fecht, Johann;1636 - 1716;http://viaf.org/viaf/29810802;Disputatio De Sacrificio Missae Propitiatorio Pro Vivis Mortuisque, Joanni Decio, Jesuitae, Opposita;1701;Rostock;;Schwiegerovius;Latin;;Lutheran;Mess;Jesuit;Controversy;;"Lutheran;Mess;Jesuit;Controversy;";https://digital.slub-dresden.de/werkansicht/dlf/53510/1/;4. Sacrifice and Eucharist (16th-18th century);;
Franz, Wolfgang;1564 - 1628;http://viaf.org/viaf/19145857776523020836;Schola Sacrificiorum Patriarchalium Sacra, Hoc Est, Assertio solidissima, Satisfactionis Á Domino nostro Iesv Christo ... praestitae: in Sacrificiorum veterum typis fundata, & recentibus Arrianis seu Photinianis eandem negantibus, per Disputationes XXII;1654;Wittenber;;Balthasar Mevius;Latin;Wittebergae, 1698;Lutheran;Patriarchs;Arian;Plotinian;Jesus' Sacrifice;"Lutheran;Patriarchs;Arian;Plotinian;Jesus' Sacrifice";https://books.google.it/books?id=1CFUAAAAcAAJ&printsec=frontcover&redir_esc=y#v=onepage&q&f=false;4. Sacrifice and Eucharist (16th-18th century);2. Sacrifice and religion: comparisons antiquarians anthropology (16th-18th century);
Franz, Wolfgang;1564 - 1628;http://viaf.org/viaf/19145857776523020836;Disputationum Theologicarum De Sacrificiis Satisfactionis Pro Peccatis Totius Mundi Praestitae, Typis Certissimis, Et Firmissimis, Adversus recentiores Arianos seu Photinianos Satisfactionem Christi omnem pernegantes Tertia : Quod in actibus sacrificiorum preces ardentissimas & Cantica sacra adhibuerint / Quae In Collegio Disputationum Theologicarum ... d. 1. Februar. Anno MDCXV. in ... Wittebergensium Academia habebitur Praeside Wolfgango Franzio ... Respondente M. Georgio Gutkio ...;1615;Wittenber;;Gormannus;Latin;;Lutheran;Patriarchs;Arian;Plotinian;Jesus' Sacrifice;"Lutheran;Patriarchs;Arian;Plotinian;Jesus' Sacrifice";https://www.deutsche-digitale-bibliothek.de/item/JFTWLQRKYOVSKFM2TV63MKLRNZZZ6GRH;4. Sacrifice and Eucharist (16th-18th century);2. Sacrifice and religion: comparisons antiquarians anthropology (16th-18th century);
Gourdan, Simon;1646 - 1729;http://viaf.org/viaf/61536373;Sacrifice perpetuel de foy et d'amour au tres-saint sacrement de l'autel: par rapport aux mysteres, & aux differentes qualitez de notre-seigneur Jesus-Christ;1714;Paris;;Jacques Estienne;French;"1715, Paris, Estienne; 1725; 1727; 1773";Catholic;Augustin;France;Eternity;Christ's Sacrifice;"Catholic;Augustin;France;Eternity;Christ's Sacrifice";https://books.google.it/books?id=2dQ_6kZtOV4C&printsec=frontcover&hl=it&source=gbs_ge_summary_r&cad=0#v=onepage&q&f=false;4. Sacrifice and Eucharist (16th-18th century);;
Hanway, Jonas;1712-1786;http://viaf.org/viaf/64015807;The commemorative sacrifice of our Lord's supper considered as a preservative against superstitious fears and immoral practices. Earnest advice to persons who live in an habitual neglect of this means of grace and hope of felicity. Prayers suited to the general exigencies of Christians and the particular circumstances of the British Nation. By Jonas Hanway, Esq.;1777;London;;Dodsley;English;;Last Supper;Superstition/Fear;Immorality;Prayer;Eucharist;"Last Supper;Superstition/Fear;Immorality;Prayer;Eucharist";https://www.worldcat.org/title/commemorative-sacrifice-of-our-lords-supper-considered-as-a-preservative-against-superstitious-fears-and-immoral-practices-earnest-advice-to-persons-who-live-in-an-habitual-neglect-of-this-means-of-grace-and-hope-of-felicity-prayers-suited-to-the-general-exigencies-of-christians-and-the-particular-circumstances-of-the-british-nation-by-jonas-hanway-esq/oclc/745275566&referer=brief_results;4. Sacrifice and Eucharist (16th-18th century);;
Hanway, Jonas;1712 -1786;http://viaf.org/viaf/64015807;"Earnest advice : particularly to persons who live in an habitual Neglect of Our Lord's Supper, considered as a commemorative Sacrifice inseparable from Christianity, and as A Preservative against superstitious Fears, and the immoral Practices, which deface the Glory of our Country, and darken our Prospects of a Life to come. In forty-nine letters. By Jonas Hanway, Esq.
";1778;London;;sold by Dodsley;English;1777 maybe;Handbooks;Eucharist;Last Supper;Controversy;Superstition/Fear;"Handbooks;Eucharist;Last Supper;Controversy;Superstition/Fear";https://www.worldcat.org/title/earnest-advice-particularly-to-persons-who-live-in-an-habitual-neglect-of-our-lords-supper-considered-as-a-commemorative-sacrifice-inseparable-from-christianity-and-as-a-preservative-against-superstitious-fears-and-the-immoral-practices-which-deface-the-glory-of-our-country-and-darken-our-prospects-of-a-life-to-come-in-forty-nine-letters-by-jonas-hanway-esq/oclc/745066128?referer=di&ht=edition;4. Sacrifice and Eucharist (16th-18th century);;
Hardy, Samuel;[1619] - 1693; http://viaf.org/viaf/36778067;The indispensible necessity of constantly celebrating the Christian sacrifice, plainly proved from Scripture and antiquity. By Samuel Hardy, A. B. Curate of Layham;[1746];London;;[printed for the author];English;;Celebration;Liturgy;Eucharist;;;"Celebration;Liturgy;Eucharist;;";https://www.worldcat.org/title/indispensible-necessity-of-constantly-celebrating-the-christian-sacrifice-plainly-proved-from-scripture-and-antiquity-by-samuel-hardy-a-b-curate-of-layham/oclc/837917831?referer=di&ht=edition;4. Sacrifice and Eucharist (16th-18th century);;
[Lady] Herbert, Lucy ;1669 - 1744;http://viaf.org/viaf/282931845;Several excellent methods of hearing mass : with fruit & benefit according to the institution of that divine sacrifice and the intention of our Holy Mother the Church with motives To induce all good Christians, particularly Religious Persons to make use of the same: AS Also Several other practises of Devotion appertaining to A Religious life collected together by the Right Honourable Lady Lucy Herbert of Powis Superiour of the English Augustin-Nuns;1722;Bruges;;John de Cock;English;1790, Bruges, C. de Moor;"
Mass";Women;Eucharist;Handbooks;;"
Mass;Women;Eucharist;Handbooks;";https://books.google.it/books?id=RgMvlQEACAAJ&printsec=frontcover&hl=it&source=gbs_ge_summary_r&cad=0#v=onepage&q&f=false;4. Sacrifice and Eucharist (16th-18th century);;
Hurst, Henry;1629 - 1690;http://viaf.org/viaf/255309572;"The revival of grace in the vigour and fragrancy of it by a due application of the blood of Christ to the root thereof, or, Sacramental reflections on the death of Christ a sacrifice, a testator, and bearing a curse for us : particularly applying each for the exciting and increasing the graces of the believing communicant
";1689;London;;Rich. Janeway;English;1698, London, Tho. Parkhurst (3rd ed.);Doctrinal;Non-conformist;Christ's Sacrifice;Blood;Grace;"Doctrinal;Non-conformist;Christ's Sacrifice;Blood;Grace";https://quod.lib.umich.edu/e/eebo/A30118.0001.001?view=toc;4. Sacrifice and Eucharist (16th-18th century);;
Jacombe, Thomas;1622 - 1687;http://viaf.org/viaf/42187340;Several sermons preach'd on the whole eighth chapter of the Epistle to the Romans : eighteen of which preach'd on the first, second, third, fourth verses are here published : wherein the saints exemption from condemnation, the mystical union, the spiritual life, the dominion of sin and the spirits agency in freeing from it, the law's inability to justifie and save, Christ's mission, eternal sonship, incarnation, his being an expiatory sacrifice, fulfilling the laws righteousness (which is imputed to believers) are opened, confirmed, vindicated, and applied;1672;London;;W. Godbid;English;;Anglican;Saint Paul;Letter to the Roman;Christ's sacrifice;Sermon;"Anglican;Saint Paul;Letter to the Roman;Christ's sacrifice;Sermon";https://www.worldcat.org/title/several-sermons-preachd-on-the-whole-eighth-chapter-of-the-epistle-to-the-romans-eighteen-of-which-preachd-on-the-first-second-third-fourth-verses-are-here-published-wherein-the-saints-exemption-from-condemnation-the-mystical-union-the-spiritual-life-the-dominion-of-sin-and-the-spirits-agency-in-freeing-from-it-the-laws-inability-to-justifie-and-save-christs-mission-eternal-sonship-incarnation-his-being-an-expiatory-sacrifice-fulfilling-the-laws-righteousness-which-is-imputed-to-believers-are-opened-confirmed-vindicated-and-applied/oclc/1066823990&referer=brief_results;4. Sacrifice and Eucharist (16th-18th century);1. Sacrifice and Bible (16th-18th century);
Johnson, John;1662-1725;;"The unbloody sacrifice, and altar, unvail'd and supported. : In which the nature of the eucharist is explain'd according to the Sentiments of the Christian Church in the Four First Centuries. Part the second. Shewing, The Agreement and Disagreement of the Eucharist with the Sacrifices of the Antients, and the Excellency of the former. The great Moment of the Eucharist both as a Feast, and Sacrifice. The Necessity of frequent Communion. The Unity of the Eucharist. The Nature of Excommunication. And the Primitive Method of Preparation. With Devotions for the Altar. I deny not, but that the Fathers do, and that with great reason, very much magnity the wonderful Mystery, and Efficacy of this Sacrament, and frequently speak of a great Supernatural Change made by the Divine Benediction ; which we also readily acknowledge. Archbishop Tillotson, in his Discourse of Transubstantiation, Pag. 291. of his Works in Folio, publish'd in his Life-Time. By John Johnson, A.M.";[1718];London;;Robert Knaplock;English;;Mess;Anglican;Laudian tradition;Christianity (first centuries);;"Mess;Anglican;Laudian tradition;Christianity (first centuries);";https://www.worldcat.org/title/unbloody-sacrifice-and-altar-unvaild-and-supported-in-which-the-nature-of-the-eucharist-is-explaind-according-to-the-sentiments-of-the-christian-church-in-the-four-first-centuries-part-the-second-shewing-the-agreement-and-disagreement-of-the-eucharist-with-the-sacrifices-of-the-antients-and-the-excellency-of-the-former-the-great-moment-of-the-eucharist-both-as-a-feast-and-sacrifice-the-necessity-of-frequent-communion-the-unity-of-the-eucharist-the-nature-of-excommunication-and-the-primitive-method-of-preparation-with-devotions-for-the-altar-i-deny-not-but-that-the-fathers-do-and-that-with-great-reason-very-much-magnity-the-wonderful-mystery-and-efficacy-of-this-sacrament-and-frequently-speak-of-a-great-supernatural-change-made-by-the-divine-benediction-which-we-also-readily-acknowledge-archbishop-tillotson-in-his-discourse-of-transubstantiation-pag-291-of-his-works-in-folio-publishd-in-his-life-time-by-john-johnson-am/oclc/642427099&referer=brief_results;4. Sacrifice and Eucharist (16th-18th century);2. Sacrifice and religion: comparisons antiquarians anthropology (16th-18th century);
Desmarets, Samuel;1599 - 1673;http://viaf.org/viaf/71369944;Disputationum exegeticarum ad confessionem Belgicam trigesima sexta, quae est de sacerdotio & sacrificio Christi, eaque prior ad articulum vigesimum primum;1648;Groningen;;Johannis Sas;Latin;;Reformed;Presbiterian;Confessio Belgica;Christ's Sacrifice;Controversy;"Reformed;Presbiterian;Confessio Belgica;Christ's Sacrifice;Controversy";https://books.google.it/books?id=LcfjAuo0_ioC&printsec=frontcover&redir_esc=y#v=onepage&q&f=false;4. Sacrifice and Eucharist (16th-18th century);;
Martínez, Prado Juan de;? - 1668;http://viaf.org/viaf/164145857057522921479;De Eucharistiae Sanctissimo Sacramento, et Diuino Missae Sacrificio: dubitationes scholasticae [et] morales : super tertiam partem summae doctoris Angelici D. Thomae, à quaestione 73 vsque 83;1662;Collegio S. Thomae  [?];;Franciscum Coxedum;Latin;;Catholic;Sacrament;Eucharist;Saint Thomas;Mess;"Catholic;Sacrament;Eucharist;Saint Thomas;Mess";https://books.google.it/books?id=81Hrh5-wINQC&printsec=frontcover&redir_esc=y#v=onepage&q&f=false;4. Sacrifice and Eucharist (16th-18th century);;
Moore, Thomas junior;? - ?;http://viaf.org/viaf/55605809;"Truth vindicating itself from treason and rebellion, or, A brief discovery how the faith of the Grace of God to manward, in, and through Christ Jesus our Lord, who once appeared in the end of the world, to put away sin by the sacrifice of himself, and by means thereof is Saviour of the world : as likewise the hope of his appearing the second time without sin, to the salvation of them that look for him : not onely clears itself from, but most directly and severely reproves all manner of sedition, and resisting the powers that God by his providence sets over us, whether they be good and gentle to us, or whether they be froward, and rise up against us
";1661;London;;printed for the author;English;;Theology;Redemption;Evil;Christ's sacrifice;Grace;"Theology;Redemption;Evil;Christ's sacrifice;Grace";"https://quod.lib.umich.edu/cgi/t/text/text-idx?c=eebo2;idno=B43467.0001.001";4. Sacrifice and Eucharist (16th-18th century);;
Musculus, Wolfgang;1497 - 1563;http://viaf.org/viaf/51760099;Adversus Libellum Iohannis Cochlaei De Sacerdotio ac Sacrificio novae legis aeditum: Anticochlaeus Primus;1544;Augsburg;;Ulhard;Latin;;Reformed;Priesthood;Controversy;New Alliance;John Cocleo;"Reformed;Priesthood;Controversy;New Alliance;John Cocleo";https://books.google.it/books?id=PlA8AAAAcAAJ&printsec=frontcover&redir_esc=y#v=onepage&q&f=false;4. Sacrifice and Eucharist (16th-18th century);;
Garet, Jean;1499 - 1571;http://viaf.org/viaf/39524294;"La Probation de la S. messe et sacrifice d'icelle tirée du vieil et nouveau Testament et des SS. Pères, contre les faussetez du sieur Du Plessis Mornay, par N. L. M. [Traduit du latin de Jean Garet.].
";1599;Paris;;n. p.;French;Paris, F. Duchesne et A. Rousset, 1600;Eucharist;Controversy;Exegesis;;;"Eucharist;Controversy;Exegesis;;";https://www.worldcat.org/title/probation-de-la-s-messe-et-sacrifice-dicelle-tiree-du-vieil-et-nouveau-testament-et-des-ss-peres-contre-les-faussetez-du-sieur-du-plessis-mornay-par-n-l-m-traduit-du-latin-de-jean-garet/oclc/1172024272?referer=di&ht=edition;4. Sacrifice and Eucharist (16th-18th century);;
Nelson, Robert;1656 - 1715;http://viaf.org/viaf/18664895;The great duty of frequenting the Christian sacrifice : and the nature of the preparation required : with suitable devotions, partly collected from the ancient liturgies, to which are prefixed instructions for confirmation;1699;London;;[William Bowyer] for A. and J. Churchill;English;London, [William Bowyer] for A. and J. Churchill, 1714;Eucharistic;Mass;Lyturgic;Handobook;;"Eucharistic;Mass;Lyturgic;Handobook;";https://books.google.it/books?id=9BY8Vx4OgekC&printsec=frontcover&hl=it&source=gbs_ge_summary_r&cad=0#v=onepage&q&f=false;4. Sacrifice and Eucharist (16th-18th century);;
Patrick, Simon;1626 - 1707;http://viaf.org/viaf/61575527;The Christian sacrifice : a treatise shewing the necessity, end, and manner of receiving the Holy Communion: together with suitable prayers and meditations;1671;London;;R.N.;English;1693, London, J.H.;Eucharist;Lirurgy;Prayer;Handbooks;Meditation;"Eucharist;Lirurgy;Prayer;Handbooks;Meditation";https://www.google.it/books/edition/The_Christian_Sacrifice_A_Treatise_Shewi/jX1mAAAAcAAJ?hl=it&gbpv=1&dq=the+christian+sacrifice:+a+treatise+shewing+the+necessity,+end+and+manner+of+receiving+the+holy+communion+...&printsec=frontcover ;4. Sacrifice and Eucharist (16th-18th century);6. Sacrifices of self: Martyrology after Reformation (16th-18th century);
Patrick, Simon;1626 - 1707;http://viaf.org/viaf/61575527;Religious conscience : or, the morning and evening sacrifice. A poem. In imitation of Dr. Young's Night thoughts;[1755];London;;[printed for many sellers];English;;Poem;Christian daily life;Conscience;;;"Poem;Christian daily life;Conscience;;";https://www.worldcat.org/title/religious-conscience-or-the-morning-and-evening-sacrifice-a-poem-in-imitation-of-dr-youngs-night-thoughts/oclc/642553582&referer=brief_results;4. Sacrifice and Eucharist (16th-18th century);;
Patrick, Simon;1626 - 1707;http://viaf.org/viaf/61575527;"The Christian sacrifice. A treatise shewing the necessity, end and manner of receiving the Holy Communion: together with suitable prayers and meditations for every month in the year; and the principal festivals in memory of our Blessed Saviour. In four parts. By the Right Reverend Father in God, Simon Lord Bishop of Ely.
";1671;London;;"R. N.; R. Roston";English;"J. H[eptinstall], London,1693; W. H., London, 1697; J. H., London, 1701";Handbooks;Anglican;Eucharist;Meditation;Prayer;"Handbooks;Anglican;Eucharist;Meditation;Prayer";https://www.google.it/books/edition/The_Christian_Sacrifice_A_Treatise_Shewi/jX1mAAAAcAAJ?hl=it&gbpv=1&dq=The+Christian+sacrifice.+A+treatise+shewing+the+necessity&printsec=frontcover ;4. Sacrifice and Eucharist (16th-18th century);;
Pelling, Edward;1640 - 1718;http://viaf.org/viaf/44648355;"The regular Christians daily sacrifice, or, A collection of prayers chiefly out of David's Psalms and the rest of the Common prayer book : to be used by the people in their private devotion on all ordinary and special occasions : with a particular office for sacrament-days
";1685;Lodon;;Ben. Griffin and Sam. Keble;English;;Anglican;Prayer;David (King);Common Prayer (Book);Christian daily life;"Anglican;Prayer;David (King);Common Prayer (Book);Christian daily life";https://search.proquest.com/docview/2240854349 ;4. Sacrifice and Eucharist (16th-18th century);;
Phipps, Joseph;1708 - 1787;http://viaf.org/viaf/67915476;The original and present state of man, briefly considered wherein is shewn, the nature of his fall, and the necessity, means and manner of his restoration, through the sacrifice of Christ, and the sensible operation of that divine principle of grace and truth, held forth to the world, by the people called Quakers.;1723;London;;Mary Hinde;English;"1788, London, s.e.; 1788, New York, William Ross; 1793, Trenton; 1799, Philadelphia";Quakker;Nature (Human);Christ's sacrifice;Grace;;"Quakker;Nature (Human);Christ's sacrifice;Grace;";https://www.google.it/books/edition/The_Original_and_Present_State_of_Man_Br/rlBpAAAAcAAJ?hl=it&gbpv=1&dq=The+original+and+present+state+of+man&pg=PA11&printsec=frontcover;4. Sacrifice and Eucharist (16th-18th century);;
Pitcarne, Alexander;[1622] - 1695;http://viaf.org/viaf/22490158;The [sp]iritual sacrifice, or, A treatise wherein several weighty questions and cases concerning the saints communion with God in prayer are propounded and practically improved;1644;London;;George Sawbridge;English;;Spiritual;Sanctity;Prayer;;;"Spiritual;Sanctity;Prayer;;";https://www.worldcat.org/title/spiritual-sacrifice-or-a-treatise-wherein-several-weighty-questions-and-cases-concerning-the-saints-communion-with-god-in-prayer-are-propounded-and-practically-improved/oclc/1203734890&referer=brief_results;4. Sacrifice and Eucharist (16th-18th century);;
"Rainolds, John;";1549 - 1607;http://viaf.org/viaf/20024748;The summe of the conference betweene Iohn Rainoldes and Iohn Hart : Touching the head and the faith of the church. Wherein by the way are handled sundrie pointes, of the sufficiencie and right expounding of the Scriptures, the ministerie of the church, the function of priesthood, the sacrifice of the Masse, with other controuersies of religion: but chiefly and purposely the poynt of Church-gouernement ... Penned by Iohn Rainoldes ... perused by Iohn Hart, and (after things supplied, and altered, as he thought good) allowed for the faithfull report of that which past in conference betweene them. Whereunto is annexed a treatise intituled, Six conclusions touching the holy Scripture and the church, written by Iohn Rainoldes. With a defence of such things as Thomas Stapleton and Gregorie Martin have carped at therein.;1588;London;;W. Hall;English;;Christ's sacrifice;Puritan;Eucharist;Controversy;Jesuit;"Christ's sacrifice;Puritan;Eucharist;Controversy;Jesuit";https://www.worldcat.org/title/summe-of-the-conference-betweene-iohn-rainoldes-and-iohn-hart-touching-the-head-and-the-faith-of-the-church-wherein-by-the-way-are-handled-sundrie-pointes-of-the-sufficiencie-and-right-expounding-of-the-scriptures-the-ministerie-of-the-church-the-function-of-priesthood-the-sacrifice-of-the-masse-with-other-controuersies-of-religion-but-chiefly-and-purposely-the-poynt-of-church-gouernement-penned-by-iohn-rainoldes-perused-by-iohn-hart-and-after-things-supplied-and-altered-as-he-thought-good-allowed-for-the-faithfull-report-of-that-which-past-in-conference-betweene-them-whereunto-is-annexed-a-treatise-intituled-six-conclusions-touching-the-holy-scripture-and-the-church-written-by-iohn-rainoldes-with-a-defence-of-such-things-as-thomas-stapleton-and-gregorie-martin-have-carped-at-therein/oclc/61371128?referer=br&ht=edition;4. Sacrifice and Eucharist (16th-18th century);;
Anonymous / Unknown;? - ?;;The divine banquet : or, sacramental devotions. Consisting of morning and evening prayers, contemplations and hymns for every day in the week, in order to a more solemn preparation for the worthy receiving of the Holy Communion. ... To which is added, The devout Christian daily sacrifice.;1696;London;;printed for Nath. Crouch;English;1724, London, Crouch;Handbooks;Christian daily life;Hymns;Prayer;Last Supper;"Handbooks;Christian daily life;Hymns;Prayer;Last Supper";"https://www.worldcat.org/title/divine-banquet-or-sacramental-devotions-consisting-of-morning-and-evening-prayers-contemplations-and-hymns-for-every-day-in-the-week-in-order-to-a-more-solemn-preparation-for-the-worthy-receiving-of-the-holy-communion-to-which-is-added-the-devout-christian-daily-sacrifice/oclc/990953921?referer=di&ht=edition						";4. Sacrifice and Eucharist (16th-18th century);;
Anonymous / Unknown;? - ?;;"The pious Christian's sacrifice ; or, devotions for the devout soul on Sacrament-Day, both in his closet, and in the church. Principally taken out of the Liturgy, and of the Writings of the most eminent Men of the Church of England. Fit to be bound with Common-Prayers.
";1717;London;;H. Meere;English;;Anglican;Christ's sacrifice;Liturgy;Soul;;"Anglican;Christ's sacrifice;Liturgy;Soul;";https://www.google.it/books/edition/The_Pious_Christian_s_Sacrifice_Or_Devot/N1hiAAAAcAAJ?hl=it&gbpv=1&dq=The+pious+Christians+sacrifice+%3B+or,+devotions+for&printsec=frontcover ;4. Sacrifice and Eucharist (16th-18th century);;
Sancto Francisco à, Angelus;1601 - 1678;http://viaf.org/viaf/89156701;Holy altar and sacrifice explain'd: in some familiar dialogues on the mass, and what may appertain to it: For the more easy Information and Instruction of those who desire to hear Mass well, and to assist at that great Sacrifice, according to the Spirit and Intention of the Church. With an appendix, concerning saying mass in Latin, and of pronouncing the secret prayers and the canon with a low voice. By P.B.O.S.F.;1768;London;;different sellers;English;;Eucharist;Catholic;Franciscan;Lithurgy;Dialogs;"Eucharist;Catholic;Franciscan;Lithurgy;Dialogs";https://www.worldcat.org/title/holy-altar-and-sacrifice-explaind-in-some-familiar-dialogues-on-the-mass-and-what-may-appertain-to-it-for-the-more-easy-information-and-instruction-of-those-who-desire-to-hear-mass-well-and-to-assist-at-that-great-sacrifice-according-to-the-spirit-and-intention-of-the-church-with-an-appendix-concerning-saying-mass-in-latin-and-of-pronouncing-the-secret-prayers-and-the-canon-with-a-low-voice-by-pbosf/oclc/745244538?referer=di&ht=edition;4. Sacrifice and Eucharist (16th-18th century);;
Scandret, John;? - ?;;Sacrifice the divine service, from the covenant of grace, to the consumation of the mystery of man's redemption. By J. Scandret [...] To which is prefix'd a letter to the author, from the Reverend Mr. Charles Leslie;1707;London;;Geo. Strathan;English;London, S. Austin, 1675;Mass;Redemption;Grace;;;"Mass;Redemption;Grace;;";https://www.worldcat.org/title/sacrifice-the-divine-service-from-the-covenant-of-grace-to-the-consumation-of-the-mystery-of-mans-redemption-by-j-scandret-to-which-is-prefixd-a-letter-to-the-author-from-the-reverend-mr-charles-leslie/oclc/225179389&referer=brief_results;4. Sacrifice and Eucharist (16th-18th century);;
Smith, Henry;[1560] - 1591;http://viaf.org/viaf/64283755;The Christians sacrifice Seene, and allowed;1589;London;;"Thomas Orwin; Thomas Man";English;;Christ's sacrifice;Puritan;Sermon;;;"Christ's sacrifice;Puritan;Sermon;;";https://books.google.it/books?id=VaBkAAAAcAAJ&pg=PP7&hl=it&source=gbs_selected_pages&cad=3#v=onepage&q&f=false;4. Sacrifice and Eucharist (16th-18th century);;
Smith, Michael;? - ?;;"Christianity unmasqued : or unavoidable ignorance preferable to corrupt Christianity. A poem. In twenty-one cantos. By Michael Smith, A.B. Vicar of South Mimms, in Hertfordshire. A Verse may catch him who a Sermon flies, And turn Delight into a Sacrifice. Ludentem lasciva severum, Seria dictu. Art. Poet.
";;London;;H. Turpin;English;1771;Poem;Falsity;Ignorance;Delight;;"Poem;Falsity;Ignorance;Delight;";https://www.worldcat.org/title/christianity-unmasqued-or-unavoidable-ignorance-preferable-to-corrupt-christianity-a-poem-in-twenty-one-cantos-by-michael-smith-ab-vicar-of-south-mimms-in-hertfordshire-a-verse-may-catch-him-who-a-sermon-flies-and-turn-delight-into-a-sacrifice-ludentem-lasciva-severum-seria-dictu-art-poet/oclc/642487959?referer=di&ht=edition;4. Sacrifice and Eucharist (16th-18th century);;
Smyth, Richard;1500 - 1563;http://viaf.org/viaf/27294281;De missae sacrificio, succincta quaedam enarratio;1562;Lovanio;;Ioannem Bogardum;Latin;;Catholic;Eucharist;Mess;;;"Catholic;Eucharist;Mess;;";https://books.google.it/books?id=hXE-AAAAcAAJ&printsec=frontcover&redir_esc=y#v=onepage&q&f=false;4. Sacrifice and Eucharist (16th-18th century);;
Sporer, Patritius;? - 1683; http://viaf.org/viaf/55258398;Theologia Moralis Sacramentalis: In IV. Partes Divisa Ad Instructionem Ordinandorum & Curandorum Ex Materia De Sacramentis In Genere Et In Specie, I. De Ordine, & Horis Canonicis. II. De Sacerdotio, Sacrificio, & Eucharistia. III. De Poenitentia. IV. De Matrimonio, Item de Peccatis contra Sextum;1700;Salzburg;;Joannis Baptistae Mayr;Latin;;Catholic;Moral Theology;Sacrament;Eucharist;;"Catholic;Moral Theology;Sacrament;Eucharist;";https://books.google.it/books?id=ujdFAAAAcAAJ&printsec=frontcover&redir_esc=y#v=onepage&q&f=false;4. Sacrifice and Eucharist (16th-18th century);;
Stafford, Anthony;1587 - [1645];http://viaf.org/viaf/54497587;"The day of salvation, or, A homily upon the bloody sacrifice of Christ, or his death and passion : written, and intended onely for private meditation of a most noble and vertuous lady, on Good-Friday last, but since thought worthy the publique view
";1635;London;;N. and I. Okes;English;;Sermon;Christ's sacrifice;Anglican;Blood;Christ's Sacrifice;"Sermon;Christ's sacrifice;Anglican;Blood;Christ's Sacrifice";https://www.worldcat.org/title/day-of-salvation-or-a-homily-upon-the-bloody-sacrifice-of-christ-or-his-death-and-passion-written-and-intended-onely-for-private-meditation-of-a-most-noble-and-vertuous-lady-on-good-friday-last-but-since-thought-worthy-the-publique-view/oclc/1069338467?referer=di&ht=edition;4. Sacrifice and Eucharist (16th-18th century);;
"Stewart, William; Béze, Théodore de ";"[1490] - 1545; 1519 - 1605";"?; http://viaf.org/viaf/66463755";Ane breif gathering of the halie signes, sacrifices and sacramentis institutit of God sen the creation of the warlde. And of the trew originall of the sacrifice of the messe. Translatit out of Frenche into Scottis be ane faithful brother.;[1565];Edinburgh;;Robert Lekprevik;Scotish;;French;Controversy;Mass;Calvinist;;"French;Controversy;Mass;Calvinist;";https://www.worldcat.org/title/breif-gathering-of-the-halie-signes-sacrifices-and-sacramentis-institutit-of-god-sen-the-creation-of-the-warlde-and-of-the-trew-originall-of-the-sacrifice-of-the-messe-translatit-out-of-frenche-into-scottis-be-ane-faithful-brother/oclc/61336448?referer=di&ht=edition;4. Sacrifice and Eucharist (16th-18th century);;
Suárez, Francisco;1548 - 1617;http://viaf.org/viaf/39385631;Opera omnia;1891;Paris;;L. Vivès;Latin;;Mess;Saint Thomas;Sacrament;Eucharist;Comments;"Mess;Saint Thomas;Sacrament;Eucharist;Comments";https://books.google.it/books?id=F2YVAAAAQAAJ&printsec=frontcover&redir_esc=y#v=onepage&q&f=false;4. Sacrifice and Eucharist (16th-18th century);;
Suárez, Francisco;1548 - 1617;http://viaf.org/viaf/39385631;Summa commentariorum ac disputationum P. D. Fr. Suarez ...: de sacramentis, indulgentiis, suffragiis, purgatorio, clauibus ecclesiae, sacrificio missae, censuris, ac irregularitate, tum generatim cum speciatim;1627;Lyon;;Iacobi Cardon et Petri Cavellat;Latin;;Catholic;Sacrament;Mess;Jesuit;;"Catholic;Sacrament;Mess;Jesuit;";https://books.google.it/books?id=I99Z62LilukC&printsec=frontcover&redir_esc=y#v=onepage&q&f=false;4. Sacrifice and Eucharist (16th-18th century);;
Tillotson, John;1630 - 1694;http://viaf.org/viaf/29588767;"A Sermon Preach'd before the Queen At White-Hall; April the 9th, 1693. Concerning the Sacrifice and Satisfaction of Christ";1707;London;;J. Hills;English;;Anglican;Christ's sacrifice;Sermon;English King;;"Anglican;Christ's sacrifice;Sermon;English King;";https://books.google.it/books?id=LwM_AAAAcAAJ&printsec=frontcover&redir_esc=y#v=onepage&q&f=false;4. Sacrifice and Eucharist (16th-18th century);;
Titius, Gerhar Gottlieb;1661 - 1714;http://viaf.org/viaf/10628352;Disputatio Theologica De Papistico Missae Sacrificio : Cum Epimetro Ad Leonem Allatium Graecum / Quam D.O.M.A. Sub Praesidio Gerhardi Titii ... Ad diem Aprilis In Academia Iulia Publice ventilandam proponit Hermannus Nerge Hildesiensis;1657;Helmstadt;;Johann Heitmüller;Latin;Helmestadii, Heitmüllerus,1658;Lutheran;Mess;Controversy;Augsburg Peace;;"Lutheran;Mess;Controversy;Augsburg Peace;";http://diglib.hab.de/drucke/901-1-helmst-dr-2s/start.htm;4. Sacrifice and Eucharist (16th-18th century);;
Tournely, Honoré;1658 - 1729;http://viaf.org/viaf/66569262;Praelectionum theologicarum Honorati Tournely continuatio sive Tractatus de universa theologia morali: Ubi agitur I. De Confirmatione, II. De Eucharistia ut Sacramento necnon de sacrificio Missae;1751;Venice;;Nicolaum Pezzana;Latin;Coloniae Agrippinae, ex Officina Metternichiana, 1754;Catholic;Mess;Sacrament;Moral Theology;;"Catholic;Mess;Sacrament;Moral Theology;";https://books.google.it/books?id=Fy_oS2BihlwC&printsec=frontcover&redir_esc=y#v=onepage&q&f=false;4. Sacrifice and Eucharist (16th-18th century);;
Turretin, Benedict;1588 - 1631;http://viaf.org/viaf/29923018;Theses theologicae de falso missae sacrificio / quas ... sub praesidio ... Benedicti Turrettini ... publice discutiendas proponit Nicolaus Antonii Teroduno-lotharingus;1626;Geneva;;Johannis de la Planche;Latin;;Calvinist;Mess;Sacrament;;;"Calvinist;Mess;Sacrament;;";https://www.e-rara.ch/gep_r/content/titleinfo/15573244;4. Sacrifice and Eucharist (16th-18th century);;
Valencia, Gregorius;[1549] - 1603;http://viaf.org/viaf/79014517;Apologia de S. missae sacrificio adversus cavillationes Jacobi Herbrandi contra tractatum de eodem argumento superiori anno Ingolstadii editum;1581;Ingolstadt;;Sartorius;Latin;;Catholic;Mess;Herbrand;;;"Catholic;Mess;Herbrand;;";https://books.google.it/books?id=NWlMAAAAcAAJ&printsec=frontcover&redir_esc=y#v=onepage&q&f=false;4. Sacrifice and Eucharist (16th-18th century);;
Valencia, Gregorius;[1549] - 1603;http://viaf.org/viaf/79014517;De sacro Sancto Missae sacrificio contra impiam disputationem Tubinge nuper à Iacobo Herbrando propositam, atq. adeò contra peruersissimam Lutheri, Kemnicii;1580;Ingolstadt;;Davidem Sartorium;Latin;;Catholic;Controversy ;Luther;Tubingen;;"Catholic;Controversy ;Luther;Tubingen;";https://books.google.it/books?id=pVqy_uraI0cC&printsec=frontcover&redir_esc=y#v=onepage&q&f=false;4. Sacrifice and Eucharist (16th-18th century);;
Veron, François;1575 - 1649;http://viaf.org/viaf/12317799;Conference entre le P. François Veron de la Compagnie de Iesus, et le Sieur de Langle M. de Queuilly, lez-Roüen, assisté de son Collegue le Sieur de la Riuiere. Sur le sacrifice de la messe Propitiatoire pour les Viuans & Trespassez;1619;Rouen;;Nicolas Le Prevost;French;;Mass;Eucharist;Jesuit;Catholic;;"Mass;Eucharist;Jesuit;Catholic;";https://books.google.it/books?id=gZCkmxUardQC&printsec=frontcover&hl=it&source=gbs_ge_summary_r&cad=0#v=onepage&q&f=false ;4. Sacrifice and Eucharist (16th-18th century);;
De Vio, Tommaso;1469 - 1534;http://viaf.org/viaf/49196005;Adversus Luteranos iuxta scripturam tractatus de sacrificio missae, de communione, de confessione, de sactisfactione, de invocatione sanctorum;1532;Cologne;;Quentel;Latin;;Catholic;Mess;Controversy;Mess;Sacrament;"Catholic;Mess;Controversy;Mess;Sacrament";https://daten.digitale-sammlungen.de/0003/bsb00035928/images/index.html?fip=193.174.98.30&id=00035928&seite=1;4. Sacrifice and Eucharist (16th-18th century);;
Viret, Pierre;1511 - 1571;http://viaf.org/viaf/32318;De la vraye et fausse religion : touchant les voeus et les sermens licites et illicites : et notamment touchant les voeus de perpetuelle continence et les voeus d'anatheme et d'execration et les sacrifices d'hosties humaines, et de l'excommunication en toutes religions;1560;[Geneva?];;Jean Rivery;French;;Calvinist;Discipline;Abstinence;Self-sacrifice;;"Calvinist;Discipline;Abstinence;Self-sacrifice;";https://books.google.ch/books?id=oVGgj00y17wC&printsec=frontcover&hl=it&source=gbs_ge_summary_r&cad=0#v=onepage&q&f=false ;4. Sacrifice and Eucharist (16th-18th century);;
Watts, Isaac;1674 - 1748;http://viaf.org/viaf/17298403;The Redeemer and the Sanctifier: or The sacrifice of Christ and the operations of the Spirit vindicated [&c. By I. Watts];1737;London;;J. Oswald;English;;Christ's sacrifice;Redemption;Controversy;Protestant;;"Christ's sacrifice;Redemption;Controversy;Protestant;";http://books.google.com/books/download/The_Redeemer_and_the_Sanctifier__or_The_.pdf?id=0rgCAAAAQAAJ&output=pdf&sig=ACfU3U2uDCCAZPND7-EyELz0se-TPPOoRA;4. Sacrifice and Eucharist (16th-18th century);;
Bunyan, John;1628 - 1688; http://viaf.org/viaf/71388170;The acceptable sacrifice, or, The excellency of a broken heart shewing the nature, signs and proper effects of a contrite spirit;1689;London;;Larkin George;English;;Mysticism;Puritan;Baptist;Individual Sacrifice;Individual Sacrifice;"Mysticism;Puritan;Baptist;Individual Sacrifice;Individual Sacrifice";https://www.worldcat.org/title/acceptable-sacrifice-or-the-excellency-of-a-broken-heart-shewing-the-nature-signs-and-proper-effects-of-a-contrite-spirit/oclc/12085612&referer=brief_results;6. Sacrifices of self: Martyrology after Reformation (16th-18th century);;
Caron, Claude;? - 1609;http://viaf.org/viaf/213069454;Response aux blasphèmes d'un ministre de Calvin sacramentaire semez dans ses escris contre le S. Sacrifice de l'autel;1590;Tournon;;n. p.;French;;Calvinism;Controversy;Sacraments;Lyturgical Books;Catholic;"Calvinism;Controversy;Sacraments;Lyturgical Books;Catholic";"https://books.google.it/books?id=9gs8AAAAcAAJ&pg=PA3&lpg=PA3&dq=R%C3%A9ponse+aux+blasph%C3%A8mes+d%27un+ministre+de+Calvin+sacramentaire+semez+dans+ses+escris+contre+le+S.+Sacrifice+de+l%27autel&source=bl&ots=i-CVh1W8td&sig=ACfU3U3BtQzzSxjqz1RFQTcoq1ZNm6E9Qg&hl=it&sa=X&ved=2ahUKEwi29ezw_qzwAhWLKewKHaVgCKwQ6AEwA3oECAEQAw#v=onepage&q=R%C3%A9ponse%20aux%20blasph%C3%A8mes%20d'un%20ministre%20de%20Calvin%20sacramentaire%20semez%20dans%20ses%20escris%20contre%20le%20S.%20Sacrifice%20de%20l'autel&f=false
";6. Sacrifices of self: Martyrology after Reformation (16th-18th century);;
Challoner, Richard;1691 - 1781;http://viaf.org/viaf/54166109;The Catholic Christian instructed in the sacraments, sacrifice, ceremonies, and observances of the church: By way of question and answer;1786;Philadelphia;;Talbot C.;English;;Handbooks;Catholic;Pedagogy;;;"Handbooks;Catholic;Pedagogy;;";https://books.googleusercontent.com/books/content?req=AKW5Qacuj-Ti9IQ6EVS3pvViUTaqhzIgC1XQ15E3liFm6wid8USLLNRt7eerGgHx1a1WhmdhphJjQqZPhdf6EMKHM_rHIyeJWnwr7xWfJc22QHP8x-v8essKz9QU6ZtxRbY6vBszRaNP_bGTPczPpYtXUQwo19rwdpWPywVXX3qU5DwJtwZWT1IMU1lsK23fQF4f6pHDkxjqJ3T77Bzv7Z9RmRVTo5c7CwdzWmRn50zA7sCRimI9Sva0A4mrwCAKHFVOHUGCWaVbk_-gKw9QdyvkcfOVyiEQxLMif_N4HUIY76PnpJgg0RI;6. Sacrifices of self: Martyrology after Reformation (16th-18th century);;
Roberts, Francis;1609 - 1675;http://viaf.org/viaf/12650271;A broken spirit, God's sacrifices. Or, The gratefulnesse of a broken spirit unto God. Represented in a sermon, before the right Honourable House of Peeres, in K. Henry the Seventh's chappell in the Abbey Westminster, upon Wednesday Decemb. 9. 1646. Being a day of publike humiliation for removing of the great judgment of rain and waters then upon the kingdome, &c;1646;London;;George Calvert;English;;Sermon;Anglican;Sin;;;"Sermon;Anglican;Sin;;";"https://quod.lib.umich.edu/e/eebo/A91855.0001.001/1:3?rgn=div1;view=fulltext";6. Sacrifices of self: Martyrology after Reformation (16th-18th century);;
Sibbes, Richard;1577 - 1635;http://viaf.org/viaf/32139543;Evangelicall sacrifices. In xix. sermons. I. Thankfull commemorations for Gods mercy in our great deliverance from the papists powder-plot. 2. The successefull seeker. 3. Faith triumphant. 4. Speciall preparations to fit us for our latter end in foure funerall sermons. 5. The faithfull covenanter. 6. The demand of a good conscience. 7. The sword of the wicked. By the late learned and reverend divine, Rich. Sibbs. Doctor in Divinity, Mr. of Katherine Hall in Cambridge, and sometimes preacher to the honourable society of Grayes-Inne. The third tome. Published and perused by D. Sibbs owne appointment, subscribed with his hand to prevent imperfect copies after his decease;1640;London;;T. B. ;English;John William, Lonfon, 1645;Sermon;Anglican;Christ's sacrifice;Controversy;;"Sermon;Anglican;Christ's sacrifice;Controversy;";https://ota.bodleian.ox.ac.uk/repository/xmlui/handle/20.500.12024/A12182;6. Sacrifices of self: Martyrology after Reformation (16th-18th century);;
Laurence, Roger;1670 - 1636;http://viaf.org/viaf/71741897;"The Bishop of Oxford's charge consider'd, in reference to the independency of the church upon the state, a proper sacrifice in the sacrament of the Lord's supper, the nature and necessity of sacerdotal absolution, and the invalidity of baptism, administered by persons not episcopally ordain'd.
";1712;London;;H. Clements;English;;Anglican treatise about Jesus' sacrifice and the supremacy of the Church on the Statee;;;;;"Anglican treatise about Jesus' sacrifice and the supremacy of the Church on the Statee;;;;";https://www.google.it/books/edition/The_Bishop_of_Oxford_s_Charge_Consider_d/s-NbAAAAQAAJ?hl=it&gbpv=1&dq=The+Bishop+of+Oxford%27s+charge+consider%27d&printsec=frontcover ;;;
