AUTHOR (Surname, Name);CHRONOLOGICAL ESTREMES AUTHOR;Normalized author name;BIO AUTHOR;EDITOR (Surname, Name);ITEM TITLE;BOOK TITLE;JOURNAL ARTICLE;VOLUME;ISSUE;PAGES;PUBLISHER;DEALER;PLACE;YEAR;CENTURY;PUBLICATION LANGUAGE;OTHER EDITIONS;KEY WORD 1; KEY WORDS 2;KEY WORDS 3;KEY WORDS 4;KEY WORDS 5;LINKS;SOURCE TYPE;DIGITAL VERSION EDITION;TOPIC OR SUBJECT 1;TOPIC OR SUBJECT 2
[Lombardo, Pietro];1110-1160;;Theologian and bishop;;Examen doctrinae Sorbonicae, De Eucharistiae sacramento & sacrificio;;;;;;s.e.;;s.l.;1566;16;Latin;;Anti-Protestant Controversy;Eucharist;Catholic Theory of Sacrifice;Catholicism;France;https://books.google.it/books?id=j887AAAAcAAJ&printsec=frontcover&redir_esc=y#v=onepage&q&f=false;Digitalization;;4. Sacrifice and Eucharist (16th-18th century);
[Nelson, Robert];1656-1715;;;;"The great duty of frequenting the Christian sacrifice, and the nature of the preparation required With suitable devotions. Partly collected from the antient liturgies. To which are perfixed instructions for confirmation
";;;;;;s.e.;;Cork;1723;18;English;London printed, and re-printed in Cork, John Redwood ,1728;Sacraments;Eucharist;Liturgy;Duty;Church History;https://books.google.it/books?id=g91nmgEACAAJ&printsec=frontcover&hl=it&source=gbs_ge_summary_r&cad=0#v=onepage&q&f=false ;Digitalization;;4. Sacrifice and Eucharist (16th-18th century);2. Sacrifice and religion: comparisons antiquarians anthropology (16th-18th century)
[Anonymous];;;;;Solomons sacrifice. With his prayer in Gibeon, and how God appeared to him in a vision and granted his request. To a pleasant new tune;;;;;;Henry Gosson;;London;[ca. 1635];17;English;;Bible, 1 Kings;Solomon;Prayer;Gibeon;Poems;https://www.worldcat.org/title/solomons-sacrifice-vvith-his-prayer-in-gibeon-and-how-god-appeared-to-him-in-a-vision-and-granted-his-request-to-a-pleasant-new-tune/oclc/766881879&referer=brief_results;;;1. Sacrifice and Bible (16th-18th century);2. Sacrifice and religion: comparisons antiquarians anthropology (16th-18th century)
Bona, Giovanni;1609-1674;;Cistercian monk and cardinal;;De la Liturgie, ou Traité sur le saint sacrifice de la messe;;;;;;s.e.;;Paris;1854;19;Latin;1628, Edinburgh;Catholicism;Eucharist;Mass;Catholic Liturgy;Sacraments;https://www.worldcat.org/title/spirituall-hymne-or-the-sacrifice-of-a-sinner-to-be-offred-vpon-the-altar-of-a-humbled-heart-to-christ-our-redeemer-inverted-in-english-sapphicks-from-the-latine-of-the-reverend-religious-and-learned-divine-mr-robert-boyd-of-trocborege-by-sr-william-mure-yo-of-rowallane-knight-by-whom-is-also-annexed-a-poeme-entituled-doomes-day-containing-hells-horrour-and-heavens-happinesse/oclc/55191766&referer=brief_results;;;4. Sacrifice and Eucharist (16th-18th century);
Boyd, Robert;1578-1627;;Scottish theological writer, teacher and poet;;A spirituall hymne or The sacrifice of a sinner to be offred vpon the altar of a humbled heart, to Christ our Redeemer. Inverted in English sapphicks, from the Latine, of the reverend, religious, and learned divine, Mr Robert Boyd of Trocborege. By Sr William Mure yo: of Rowallane knight. By whom is also annexed a poeme, entituled Doomes-day. Containing, hells horrour, and heavens happinesse;;;;;;s.e.;;Edinburgh;1757;18;English;;Calvinism;Presbyterians;Christ's Sacrifice;Individual Sacrifice;;https://ota.bodleian.ox.ac.uk/repository/xmlui/handle/20.500.12024/A16534 ;HTML;;4. Sacrifice and Eucharist (16th-18th century);
"Boyd, Robert; Mure, William";"1578-1627; 1594-1657";;;;A spirituall hymne or The sacrifice of a sinner : to be offred vpon the altar of a humbled heart, to Christ our Redeemer. Inverted in English sapphicks, from the Latine, of the reverend, religious, and learned divine, Mr Robert Boyd of Trocborege. By Sr William Mure yo: of Rowallane knight. By whom is also annexed a poeme, entituled Doomes-day. Containing, hells horrour, and heavens happinesse;;;;;;Iohn Wreittoun;;Edinburgh;1628;17;English;;Poems;Scotland;Sin;Hymns;;https://www.worldcat.org/title/spirituall-hymne-or-the-sacrifice-of-a-sinner-to-be-offred-vpon-the-altar-of-a-humbled-heart-to-christ-our-redeemer-inverted-in-english-sapphicks-from-the-latine-of-the-reverend-religious-and-learned-divine-mr-robert-boyd-of-trocborege-by-sr-william-mure-yo-of-rowallane-knight-by-whom-is-also-annexed-a-poeme-entituled-doomes-day-containing-hells-horrour-and-heavens-happinesse/oclc/1203324404&referer=brief_results;;;4. Sacrifice and Eucharist (16th-18th century);
Brevint, Daniel;bap.1616-1695;;;;The Christian sacrament and sacrifice: by way of discourse, meditation, and prayer upon the nature, parts, and blessings of the Holy communion;;;;;;s.e.;;Oxford;1673;17;English;London, 1757 ;Anglicanism;Eucharist;Prayers;Meditations;;https://translate.google.com/translate?hl=it&sl=en&u=https://quod.lib.umich.edu/e/eebo2/A29341.0001.001%3Fview%3Dtoc&prev=search&pto=aue ;HTML;;4. Sacrifice and Eucharist (16th-18th century);
Brevint, Daniel;bap.1616-1695;;;;The Christian sacrament and sacrifice. Missale Romanum;;;;;;Hatchard and son;;London;1847;19;English;;Anglicanism;Eucharist;Sacraments;Catholisim;Mass;https://books.google.it/books?id=FrYHAAAAQAAJ&printsec=frontcover&redir_esc=y#v=onepage&q&f=false;Digitalization;;4. Sacrifice and Eucharist (16th-18th century);
Bucanus, Gulielmus;?-1603;;;;Homilia De Abrahami sacrificio;;;;;;I. Le Preux;;Geneva;1602;17;Latin;Geneva, I. Le Preux, 1604;Protestantism;Abraham and Isaac;Sermons;;;https://books.google.it/books?id=TPs_AAAAcAAJ&printsec=frontcover&source=gbs_v2_summary_r&redir_esc=y#v=onepage&q&f=false;Digitalization;;1. Sacrifice and Bible (16th-18th century);
Bunyan, John;1628-1688;;English writer and puritan preacher;;The acceptable sacrifice, or, The excellency of a broken heart shewing the nature, signs and proper effects of a contrite spirit;;;;;;s.e.;;London;1689;17;English;;Mysticism;Puritanism;Baptist;Individual Sacrifice;Sacraments;https://www.worldcat.org/search?q=ti%3AThe%20acceptable%20sacrifice,%20or,%20The%20excellency%20of&fq=yr%3A1689..1689+%3E&qt=advanced&dblist=638;Transcription;;6. Sacrifices of self: Martyrology after Reformation (16th-18th century);
Calvin, Jean;1509-1564;;French theologian, pastor and reformer;;Trois sermons sur le sacrifice d'Abraham : au commencement et é la fin du premier desquels, sont inserées les prieres que l'auteur a acccoustumées faire en ses sermons ordinaires;;;;;;s.e.;;Geneva;1561;16;French;;Sermons;Prayers;Calvinism;Abraham and Isaac;;http://www.e-rara.ch/zuz/content/titleinfo/340931;Digitalization;;1. Sacrifice and Bible (16th-18th century);
Caron, Claude;fl.1590;;;;Response aux blasphe?mes d'un ministre de Calvin sacramentaire semez dans ses escris contre le S. Sacrifice de l'autel;;;;;;s.e.;;Tournon;1590;16;French;1878, Baltimore;Calvinism;Controversy;Sacraments;Catholic Liturgy;Catholicism;"https://books.google.it/books?id=9gs8AAAAcAAJ&pg=PA3&lpg=PA3&dq=R%C3%A9ponse+aux+blasph%C3%A8mes+d%27un+ministre+de+Calvin+sacramentaire+semez+dans+ses+escris+contre+le+S.+Sacrifice+de+l%27autel&source=bl&ots=i-CVh1W8td&sig=ACfU3U3BtQzzSxjqz1RFQTcoq1ZNm6E9Qg&hl=it&sa=X&ved=2ahUKEwi29ezw_qzwAhWLKewKHaVgCKwQ6AEwA3oECAEQAw#v=onepage&q=R%C3%A9ponse%20aux%20blasph%C3%A8mes%20d'un%20ministre%20de%20Calvin%20sacramentaire%20semez%20dans%20ses%20escris%20contre%20le%20S.%20Sacrifice%20de%20l'autel&f=false
";Digitalization;;6. Sacrifices of self: Martyrology after Reformation (16th-18th century);
Cennick, John;1718-1755;;;;"Twenty discourses on the following important subjects, viz. I. The woman of Samaria. II. The first Principles of Christianity. III. The Sufferings and Satisfaction of Christ. IV. The Beetitudes. V. The Dasmoniac. VI. Dives and Lazarus. Vii. The hidden Treasure. Viii. The Offices of the Messiah. IX. The great Sacrifice. X. Lot's Flight. XI. Deliverance from Death. XII. The Privilege of Believers. XIII. The Patterns of Mercy. XIV. The Vision of dry Bones. XV. The Safety of a true Christian. XVI. The Assurance of Faith ; or, the Experience of a true Christian. XVII. The linsey-woolsey Garment. XVIII. The Reproach of the Cross. XIX. The Widow of Nain. XX. The beatific vision ; or, beholding Jesus crucified. By John Cennick. vol. II
";;;;;;M. Lewis;;London;1765;18;English;London, H.D. Symonds, 1803;Sermons;Methodism;Moravian Church;Christ's sacrifice;;https://www.worldcat.org/title/twenty-discourses-on-the-following-important-subjects-viz-i-the-woman-of-samaria-ii-the-first-principles-of-christianity-iii-the-sufferings-and-satisfaction-of-christ-iv-the-beetitudes-v-the-dasmoniac-vi-dives-and-lazarus-vii-the-hidden-treasure-viii-the-offices-of-the-messiah-ix-the-great-sacrifice-x-lots-flight-xi-deliverance-from-death-xii-the-privilege-of-believers-xiii-the-patterns-of-mercy-xiv-the-vision-of-dry-bones-xv-the-safety-of-a-true-christian-xvi-the-assurance-of-faith-or-the-experience-of-a-true-christian-xvii-the-linsey-woolsey-garment-xviii-the-reproach-of-the-cross-xix-the-widow-of-nain-xx-the-beatific-vision-or-beholding-jesus-crucified-by-john-cennick-vol-ii/oclc/745127350&referer=brief_results;;;4. Sacrifice and Eucharist (16th-18th century);
Challoner, Richard;1691-1781;;English Roman Catholic bishop;;The Catholic Christian instructed in the sacraments, sacrifice, ceremonies, and observances of the church: By way of question and answer;;;;;;C. Talbot;;Philadelphia;1786;18;English;;Pedagogy;Catholicism;Sacraments;Liturgy;Questionnaire;http://books.google.com/books/download/The_Catholick_Christian_instructed_in_th.pdf?id=0q1gjAb2se4C&output=pdf&sig=ACfU3U32fVMbPd0182M_3JxTMWtT8bbmVQ;Digitalization;;6. Sacrifices of self: Martyrology after Reformation (16th-18th century);
Challoner, Richard;1691-1781;;;;The Catholick Christian instructed in the sacraments, sacrifice, ceremonies, and observances of the church;;;;;;R.C.;;London;1737;18;English;Kelly and Piet, Baltimore, 1800;Eucharist;Catholicism;Catholic Liturgy;;;https://books.google.it/books?id=MxMLMHCO59oC&printsec=frontcover&hl=it&source=gbs_ViewAPI&redir_esc=y#v=onepage&q&f=false ;Digitalization;;4. Sacrifice and Eucharist (16th-18th century);
Challoner, Richard;1691-1781;;;;"The Catholik Christian instructed in the Sacraments, Sacrifice, Ceremonies and Observances of the Church. By way of question and answer. By R ... C ... [Richard Challoner]
";;;;;;s.e.;;London;1717;18;English;"1753, London, s.e.; John Murphy and Co., Baltimore, 1878";Liturgy;Catholic;Eucharist;;;https://www.worldcat.org/title/catholik-christian-instructed-in-the-sacraments-sacrifice-ceremonies-and-observances-of-the-church-by-way-of-question-and-answer-by-r-c-ie-richard-challoner/oclc/752784503?referer=di&ht=edition;;;4. Sacrifice and Eucharist (16th-18th century);
Chandieu, Antoine de;1534-1591;;;;Locus de unico Christi sacerdotio et sacrificio, adversus commentitium missae sacrificium, theologicé & scholasticé tractatus;;;;;;Jean Le Preux;;Geneva;1581;16;Latin;"Morges, J. Le Preux, 1583; Geneva, J. Le Preux, 1588";Controversy;Christ' Sacrifice;Catholic Theory of Sacrifice;;;https://www.e-rara.ch/gep_g/content/zoom/3110500 ;Digitalization;;4. Sacrifice and Eucharist (16th-18th century);
Chandieu, Antoine de;1534-1591;;French reformer, theologian, poet, diplomat and nobleman;;Traicté theologic et scholastique, de l'unique sacrificature et sacrifice de Jesus Christ : contre le controuvé sacrifice de la messe. Escrit en latin par Antoine de Chandieu excellent theologien, et nouvellement mis en franéois par S. G. S.;;;;;;Jean Le Preux;;Geneva;1595;16;French;"1604, Lyon; 1611, Rouen; 1612, Lyon";Christ's sacrifice;Mass;Calvinism;Controversy;Sacraments;https://www.e-rara.ch/lac1_g/content/zoom/11398625;Digitalization;;4. Sacrifice and Eucharist (16th-18th century);
Chubb, Thomas;1679-1747;;;;"Four tracts. Viz. I. An enquiry concerning the books of the New Testament ... II. Remarks on Britannicus's letters, publish'd in the London journals of the 4th and 11th of April, 1724 ; ... III. The case of Abraham with respect to his being commanded by God to offer his son Isaac in sacrifice ... IV. The equity and reasonableness of a future judgment and retribution exemplify'd";;;;;;;T. Cox;London;1732;18;English;;Abrahan and Isaac;Deism;Bible, Old Testament;;;https://www.google.it/books/edition/Chubb_s_Tracts/1erzKE6YDCcC?hl=it&gbpv=1&dq=An+enquiry+concerning+the+books+of+the+New+Testament+chubb&pg=RA3-PA1&printsec=frontcover;Digitalization;;1. Sacrifice and Bible (16th-18th century);
Cloppenburg, Johannes;1592-1652;;;;Sacrificiorum patriarchalium schola sacra, in qua examinatur sacrificiorum antiquitas, usus et antiquatio. Cum spicilegio;;;;;;Ex officina Elseviriorum;;Leiden [Lugdunum Batavorum];1637;17;Latin;Leiden, Elsevur, 1637;History of the Jews;Patriarchs;Ancient Sacrificies;;;https://books.google.it/books?id=6WfRrjo3X5QC&printsec=frontcover&hl=it&source=gbs_ge_summary_r&cad=0#v=onepage&q&f=false ;Digitalization;;2. Sacrifice and religion: comparisons antiquarians anthropology (16th-18th century);1. Sacrifice and Bible (16th-18th century)
Collins, William;fl. 1675;;;;Missa triumphans, or, The triumph of the mass : wherein all the sophistical and wily arguments of Mr de Rodon against that thrice venerable sacrifice in his funestuous tract by him called, The funeral of the Mass, are fully, formally, and clearly answered : together with an appendix by way of answer to the translators preface;;;;;;F.P.M.O.P.;;Leuven;1675;17;English;;Catholicism;Anti-Protestant Controversy;Mass;Sacraments;;https://www.google.it/books/edition/Missa_Triumphans_or_the_Triumph_of_the_M/x7ZoAAAAcAAJ?hl=it&gbpv=1&dq=Missa+triumphans,+or,+The+triumph+of+the+mass&pg=PA192&printsec=frontcover;Digitalization;;4. Sacrifice and Eucharist (16th-18th century);
Conti, Natale;1520-1582;;Italian mythographer, poet, humanist and historian;;Mythologie, c'est é dire Explications des fables contenant les généalogies des dieux, les cérémonies de leurs sacrifices, leurs gestes, adventures, amours et presque tous les préceptes de la philosophie naturelle et morale. Extraite du latin de Noel-le-Comte par J de M. (Jean de Montlyard);;;;;;Jean Poyer;;s.l.;1604;17;French;;Liturgy;Ancient Sacrifices;Ancient Greeks;Jews;Antiquarianism;https://books.google.it/books?id=_Y5gziZ9SMUC&printsec=frontcover&hl=it&source=gbs_ge_summary_r&cad=0#v=onepage&q&f=false ;Digitalization;;2. Sacrifice and religion: comparisons antiquarians anthropology (16th-18th century);
Coton, Pierre;1564-1626;;French jesuit and royal confessor;;Du trés-sainct et trés-auguste sacrement, et sacrifice de la messe... discours contre les erreurs de nostre siécle et les cayers d'un prédicant é Grenoble;;;;;;Jaques Bremereay;;Avignon;1600;16;French;;Catholicism;Christ's Sacrifice;Eucharist;Mass;Controversy;https://books.google.it/books?id=zLCNA7k8qNEC&pg=PA607&lpg=PA607&dq=Du+tr%C3%A8s-saint+et+tr%C3%A8s-auguste+sacrement,+et+sacrifice+de+la+messe...+discours+contre+les+erreurs+de+nostre+si%C3%A8cle+et+les+cayers+d%27un+pr%C3%A9dicant+%C3%A0+Grenoble&source=bl&ots=BYWJ_yD7a5&sig=ACfU3U03xH9dd36TYiUL-qyF_QWVBBO0ug&hl=it&sa=X&ved=2ahUKEwiq6IL3gK3wAhWJOuwKHfeCD3UQ6AEwB3oECAYQAw#v=onepage&q&f=false;Digitalization;;4. Sacrifice and Eucharist (16th-18th century);
Daillé, Jean;1594-1670;;French huguenot minister and biblical commentator;;Le sacrifice des chrestiens, sermon fait le 2 de l'an 1633, sur Rom. 12, 1;;;;;;Melchior Mondiere;;Paris;1645;17;French;;Sermons;Huguenots;Saint Paul;Romani;Bible, New Testament;https://books.google.it/books?id=3N08AAAAcAAJ&printsec=frontcover&hl=it&source=gbs_ge_summary_r&cad=0#v=onepage&q&f=false ;Digitalization;;1. Sacrifice and Bible (16th-18th century);
Dawes, William;1671-1724;;;;An anatomy of atheisme a poem. By the author of The duties of the closet. A verse may find him who a Sermon flyes, And turn Delight into a Sacrifice. Herbert's Poems;;;;;;Thomas Speed;;London;1701;18;English;1701, London, Thomas Speed (2nd ed. rev.);Atheism;Anglicanism;Poems;;;https://www.google.it/books/edition/An_Anatomy_of_Atheisme/g-RbAAAAQAAJ?hl=it&gbpv=1&dq=An+anatomy+of+atheisme+a+poem.+By+the+author+of+The+duties+of+the+closet.+A+verse+may+find+him+who+a+Sermon+flyes,+And+turn+Delight+into+a+Sacrifice&pg=PP5&printsec=frontcover;Digitalization;;1. Sacrifice and Bible (16th-18th century);
Drelincourt, Charles;1595-1669;;French protestant pastor and theologian;;Des sacrifices de l'ancienne et de la nouvelle alliance, et de la résignation du fidéle é la volonté de Dieu;;;;;;s.e.;Nicolas Bourdin, L. Perier;Paris;1643;17;French;;Huguenots;Abraham and Isaac;Christ's Sacrifice;Alliance;New Alliance;https://books.google.it/books?id=M2sOAAAAQAAJ&printsec=frontcover&redir_esc=y#v=onepage&q&f=false;Digitalization;;1. Sacrifice and Bible (16th-18th century);
Du Bartas de Salluste, Guillaume;1544-1590;;Gascon huguenot courtier and poet;;The triumph of faith The sacrifice of Isaac. The ship-wracke of Ionas. With a song of the victorie obtained by the French king, at Yvry. Written in French, by W. Salustius lord of Bartas, and translated by Iosuah Siluester, marchant aduenturer;;;;;;Richard Yardley;;[London];1592;16;English;;Huguenots;Abraham and Isaac;Jewish Sacrifices;Bible, Old Testament;;https://ota.bodleian.ox.ac.uk/repository/xmlui/handle/20.500.12024/A68693 ;HTML;;1. Sacrifice and Bible (16th-18th century);
Durand, Nicolas;1760-1834;;;;De Consecratione, Mystico Sacrificio, Et Dvplici Christi oblatione aduersus Vannium Lutherologié professorum: De Pocvlo Sangvinis Christi & introitu in sancta sanctorum, interiora velaminis aduersus Bezam: cum refutationibus quarundam propositionum Caluinologia prépugnatoris;;;;;;Sebastianum Niuellium;;Lutetia;1569;16;Latin;;Catholicism;Mass;Lutheranism;Controversy;Christ's Sacrifice;https://books.google.it/books?id=wOc7AAAAcAAJ&printsec=frontcover&redir_esc=y#v=onepage&q&f=false;Digitalization;;4. Sacrifice and Eucharist (16th-18th century);
Durand, Nicolas;1510-1571;;;;De venerandissimo Ecclesiae Sacrificio;;;;;;Andream Wechelum;;Paris;1561;16;Latin;Paris, Andream Wechelum, 1562;Catholicism;Mass;Church;Jesus' Sacrifice;;https://books.google.it/books?id=9oQ8AAAAcAAJ&printsec=frontcover&redir_esc=y#v=onepage&q&f=false;Digitalization;;4. Sacrifice and Eucharist (16th-18th century);
Eck, Johann;1486-1543;;;;De sacrificio missae contra Lutheranos libri tres;;;;;;Johan Soterem;;Cologne;1526;16;Latin;;Catholicism;Mass;Controversy ;Lutheranism;Sacraments;https://daten.digitale-sammlungen.de/0001/bsb00013344/images/index.html?fip=193.174.98.30&id=00013344&seite=1;Digitalization;;4. Sacrifice and Eucharist (16th-18th century);
Edwards, John;1637-1716;;English calvinistic theologian;;Polpoikilos sophia, a compleat history or survey of all the dispensations and methods of religion, from the beginning of the world to the consummation of all things, as represented in the Old and New Testament shewing the several reasons and designs of those different administrations, and the wisdom and goodness of God in the government of His church, through all the ages of it : in which also, the opinion of Dr. Spencer concerning the Jewish rites and sacrifices is examin'd, and the certainty of the Christian religion demonstrated against the cavils of the Deists, &c.;;;;;;s.e.;"Daniel Brown, Ionathan Robinson, Andrew Bell,
Iohn Wyat and E. Harris";London;1699;17;English;;Liturgy;Ancient Sacrifices;Jewish Sacrifices;Controversy;;https://quod.lib.umich.edu/e/eebo/A38026.0001.001?view=toc ;HTML;;2. Sacrifice and religion: comparisons antiquarians anthropology (16th-18th century);
Fecht, Johann;1636-1716;;;;Disputatio De Sacrificio Missae Propitiatorio Pro Vivis Mortuisque, Joanni Decio, Jesuitae, Opposita;;;;;;Schwiegerovius;;Rostock;1701;18;Latin;;Lutheranism;Mass;Jesuits (S.J.);Controversy;;https://digital.slub-dresden.de/werkansicht/dlf/53510/1/;Digitalization;;4. Sacrifice and Eucharist (16th-18th century);
Franz, Wolfgang;?-?;;;;Schola Sacrificiorum Patriarchalium Sacra, Hoc Est, Assertio solidissima, Satisfactionis é Domino nostro Iesv Christo ... praestitae: in Sacrificiorum veterum typis fundata, & recentibus Arrianis seu Photinianis eandem negantibus, per Disputationes XXII;;;;;;Balthasar Mevius;;Wittenber;1654;17;Latin;Witteberg, 1698;Lutheranism;Patriarchs;Arianism;Plotinianism;Christ's Sacrifice;https://books.google.it/books?id=1CFUAAAAcAAJ&printsec=frontcover&redir_esc=y#v=onepage&q&f=false;Digitalization;;4. Sacrifice and Eucharist (16th-18th century);2. Sacrifice and religion: comparisons antiquarians anthropology (16th-18th century)
Franz, Wolfgang;?-?;;;;Disputationum Theologicarum De Sacrificiis Satisfactionis Pro Peccatis Totius Mundi Praestitae, Typis Certissimis, Et Firmissimis, Adversus recentiores Arianos seu Photinianos Satisfactionem Christi omnem pernegantes Tertia : Quod in actibus sacrificiorum preces ardentissimas & Cantica sacra adhibuerint / Quae In Collegio Disputationum Theologicarum ... d. 1. Februar. Anno MDCXV. in ... Wittebergensium Academia habebitur Praeside Wolfgango Franzio ... Respondente M. Georgio Gutkio;;;;;;Gormannus;;Witteberg;1615;17;Latin;;Lutheranism;Patriarchs;Arianism;Plotinianism;Christ's Sacrifice;https://www.deutsche-digitale-bibliothek.de/item/JFTWLQRKYOVSKFM2TV63MKLRNZZZ6GRH;Digitalization;;4. Sacrifice and Eucharist (16th-18th century);2. Sacrifice and religion: comparisons antiquarians anthropology (16th-18th century)
Frischmuth, Johann;1619-1687;;;;ham- M?ééa? ée-h??ém naféé be-?é?m Sive Dissertationis Academicae, Qua Deum Opt. Max. Non Sacrificiorum Leiturgia. Sed Unica Illa Messiae Pro Reatu Se Tradentis Hostia, placari ostenditur, ex Psal. XL, 7. seqq. Pars ...: ... Ad d. XIII. Calend. Februar. Anni MDCLXXII.;;;;;;Krebsius;;Jena;1672;17;Latin;;Lutheranism;Mass;Christ's Sacrifice;Jews;Liturgy;https://books.google.it/books?id=W91PAAAAcAAJ&printsec=frontcover&redir_esc=y#v=onepage&q&f=false;Digitalization;;1. Sacrifice and Bible (16th-18th century);4. Sacrifice and Eucharist (16th-18th century)
Gourdan, Simon;1646-1729;;;;Sacrifice perpetuel de foy et d'amour au tres-saint sacrement de l'autel: par rapport aux mysteres, & aux differentes qualitez de notre-seigneur Jesus-Christ;;;;;;Jacques Estienne;;Paris;1714;18;French;"1715, Paris, Estienne; 1725; 1727; 1773";Catholicism;Augustin of Ippo;France;Eternity;Christ's Sacrifice;https://books.google.it/books?id=2dQ_6kZtOV4C&printsec=frontcover&hl=it&source=gbs_ge_summary_r&cad=0#v=onepage&q&f=false;Digitalization;;4. Sacrifice and Eucharist (16th-18th century);
Grancolas, Jean;1660-1732;;;;Les Anciennes Liturgies, ou, La Maniere Dont On A Dit la sainte Messe dans chaque sie?cle : dans les Eglises d'Orient & dans celles d'Occident : Avec la recherche de toutes les Pratiques, Prie?res & Ceremonies qui s'observent dans le saint Sacrifice;;;;;;Jean de Nully;;Paris;1697;17;French;1704;Catholicism;Sacraments;Catholic Theory of Sacrifice;Eucharist;Liturgy;https://books.google.it/books?id=cW_vBKfMyDgC&printsec=frontcover&hl=it&source=gbs_ge_summary_r&cad=0#v=onepage&q&f=false ;Digitalization;;2. Sacrifice and religion: comparisons antiquarians anthropology (16th-18th century);4. Sacrifice and Eucharist (16th-18th century)
Hanway, Jonas;1712-1786;;;;The commemorative sacrifice of our Lord's supper considered as a preservative against superstitious fears and immoral practices. Earnest advice to persons who live in an habitual neglect of this means of grace and hope of felicity. Prayers suited to the general exigencies of Christians and the particular circumstances of the British Nation. By Jonas Hanway, Esq.;;;;;;Dodsley;;London;1777;18;English;;Last Supper;Superstition;Immorality;Prayers;Eucharist;https://www.worldcat.org/title/commemorative-sacrifice-of-our-lords-supper-considered-as-a-preservative-against-superstitious-fears-and-immoral-practices-earnest-advice-to-persons-who-live-in-an-habitual-neglect-of-this-means-of-grace-and-hope-of-felicity-prayers-suited-to-the-general-exigencies-of-christians-and-the-particular-circumstances-of-the-british-nation-by-jonas-hanway-esq/oclc/745275566&referer=brief_results;;;4. Sacrifice and Eucharist (16th-18th century);
Hanway, Jonas;1712 -1786;;;;"Earnest advice : particularly to persons who live in an habitual Neglect of Our Lord's Supper, considered as a commemorative Sacrifice inseparable from Christianity, and as A Preservative against superstitious Fears, and the immoral Practices, which deface the Glory of our Country, and darken our Prospects of a Life to come. In forty-nine letters. By Jonas Hanway, Esq.
";;;;;;Dodsley;;London;1778;18;English;;Superstition;Eucharist;Last Supper;Controversy;;https://www.worldcat.org/title/earnest-advice-particularly-to-persons-who-live-in-an-habitual-neglect-of-our-lords-supper-considered-as-a-commemorative-sacrifice-inseparable-from-christianity-and-as-a-preservative-against-superstitious-fears-and-the-immoral-practices-which-deface-the-glory-of-our-country-and-darken-our-prospects-of-a-life-to-come-in-forty-nine-letters-by-jonas-hanway-esq/oclc/745066128?referer=di&ht=edition;;;4. Sacrifice and Eucharist (16th-18th century);
"Harding, Thomas; Fowler, John";"1516-1572; 1537-1578/1579";;;;A reioindre to M. Iewels replie against the sacrifice of the masse : in which the doctrine of the answere to the xvii article of his chalenge is defended, and further proued, and al that his replie conteineth against the sacrifice, is clearely confuted, and disproued;;;;;;Ioannem Foulerum;;Leuven;1567;16;English;;Anglicanism;Mass;Christ's Sacrifice;Controversy;;https://www.google.it/books/edition/A_Rejoindre_to_M_Jewels_Replie_against_t/V-5iAAAAcAAJ?hl=it&gbpv=1&dq=A+rejoindre+to+M.+Jewels+reply+against&pg=RA1-PA22-IA1&printsec=frontcover;Digitalization;;4. Sacrifice and Eucharist (16th-18th century);
Hardy, Samuel;?-?;;;;The indispensible necessity of constantly celebrating the Christian sacrifice, plainly proved from Scripture and antiquity. By Samuel Hardy, A. B. Curate of Layham;;;;;;[printed for the author];;London;[1746];18;English;;Celebration;Liturgy;Eucharist;;;https://www.worldcat.org/title/indispensible-necessity-of-constantly-celebrating-the-christian-sacrifice-plainly-proved-from-scripture-and-antiquity-by-samuel-hardy-a-b-curate-of-layham/oclc/837917831?referer=di&ht=edition;;;4. Sacrifice and Eucharist (16th-18th century);
Herbert, Lucy [Lady];1669-1744;;;;Several excellent methods of hearing mass : with fruit & benefit according to the institution of that divine sacrifice and the intention of our Holy Mother the Church with motives To induce all good Christians, particularly Religious Persons to make use of the same: AS Also Several other practises of Devotion appertaining to A Religious life collected together by the Right Honourable Lady Lucy Herbert of Powis Superiour of the English Augustin-Nuns;;;;;;John de Cock;;Bruges;1722;18;English;1790, Bruges, C. de Moor;"
Mass";Women;Eucharist;;;https://books.google.it/books?id=RgMvlQEACAAJ&printsec=frontcover&hl=it&source=gbs_ge_summary_r&cad=0#v=onepage&q&f=false;Digitalization;;4. Sacrifice and Eucharist (16th-18th century);
Hurst, Henry;1629é1690;;;;"The revival of grace in the vigour and fragrancy of it by a due application of the blood of Christ to the root thereof, or, Sacramental reflections on the death of Christ a sacrifice, a testator, and bearing a curse for us : particularly applying each for the exciting and increasing the graces of the believing communicant
";;;;;;Richard Janeway;;London;1689;16;English;1698, London, Thomas Parkhurst (3rd ed.);Grace;Non-conformism;Christ's Sacrifice;Blood;;https://quod.lib.umich.edu/e/eebo/A30118.0001.001?view=toc;Transcription;;4. Sacrifice and Eucharist (16th-18th century);
Jacombe, Thomas;1622-1687;;;;Several sermons preach'd on the whole eighth chapter of the Epistle to the Romans : eighteen of which preach'd on the first, second, third, fourth verses are here published : wherein the saints exemption from condemnation, the mystical union, the spiritual life, the dominion of sin and the spirits agency in freeing from it, the law's inability to justifie and save, Christ's mission, eternal sonship, incarnation, his being an expiatory sacrifice, fulfilling the laws righteousness (which is imputed to believers) are opened, confirmed, vindicated, and applied;;;;;;W. Godbid;;London;1672;17;English;;Anglicanism;Saint Paul;Bible, Romans;Christ's Sacrifice;Sermons;https://www.worldcat.org/title/several-sermons-preachd-on-the-whole-eighth-chapter-of-the-epistle-to-the-romans-eighteen-of-which-preachd-on-the-first-second-third-fourth-verses-are-here-published-wherein-the-saints-exemption-from-condemnation-the-mystical-union-the-spiritual-life-the-dominion-of-sin-and-the-spirits-agency-in-freeing-from-it-the-laws-inability-to-justifie-and-save-christs-mission-eternal-sonship-incarnation-his-being-an-expiatory-sacrifice-fulfilling-the-laws-righteousness-which-is-imputed-to-believers-are-opened-confirmed-vindicated-and-applied/oclc/1066823990&referer=brief_results;;;4. Sacrifice and Eucharist (16th-18th century);1. Sacrifice and Bible (16th-18th century)
"Jaubert, Pierre; Lacorne?e, Jean-Baptiste ";"?-?; 1697-1772";;;;Dissertation sur un temple octogone et plusiers bas-reliefs trouvez a? Cestas : lesquels de?signent des fe?tes de Cybe?le, une initiation a? ses myste?res, & une sacrifice qu'on lui a offert : enrichie de figures en taille douce & des notes curieuses;;;;;;Jean-Baptiste Lacorne?e;;Bordeaux;1743;18;French;;Cybele;Ancient Sacrifices;Ancient Romans;Temples;;https://fr.wikisource.org/wiki/Dissertation_sur_un_temple_octogone_et_plusieurs_bas-reliefs_trouvez_%C3%A0_Cestas/Dissertation;Transcription;;2. Sacrifice and religion: comparisons antiquarians anthropology (16th-18th century);
Johnson, John;1662-1725;;;;"The unbloody sacrifice, and altar, unvail'd and supported. : In which the nature of the eucharist is explain'd according to the Sentiments of the Christian Church in the Four First Centuries. Part the second. Shewing, The Agreement and Disagreement of the Eucharist with the Sacrifices of the Antients, and the Excellency of the former. The great Moment of the Eucharist both as a Feast, and Sacrifice. The Necessity of frequent Communion. The Unity of the Eucharist. The Nature of Excommunication. And the Primitive Method of Preparation. With Devotions for the Altar. I deny not, but that the Fathers do, and that with great reason, very much magnity the wonderful Mystery, and Efficacy of this Sacrament, and frequently speak of a great Supernatural Change made by the Divine Benediction ; which we also readily acknowledge. Archbishop Tillotson, in his Discourse of Transubstantiation, Pag. 291. of his Works in Folio, publish'd in his Life-Time. By John Johnson, A.M.";;;;;;Robert Knaplock;;London;[1718];18;English;;Mass;Anglicanism;Laudian Tradition;Early Christianity;;https://www.worldcat.org/title/unbloody-sacrifice-and-altar-unvaild-and-supported-in-which-the-nature-of-the-eucharist-is-explaind-according-to-the-sentiments-of-the-christian-church-in-the-four-first-centuries-part-the-second-shewing-the-agreement-and-disagreement-of-the-eucharist-with-the-sacrifices-of-the-antients-and-the-excellency-of-the-former-the-great-moment-of-the-eucharist-both-as-a-feast-and-sacrifice-the-necessity-of-frequent-communion-the-unity-of-the-eucharist-the-nature-of-excommunication-and-the-primitive-method-of-preparation-with-devotions-for-the-altar-i-deny-not-but-that-the-fathers-do-and-that-with-great-reason-very-much-magnity-the-wonderful-mystery-and-efficacy-of-this-sacrament-and-frequently-speak-of-a-great-supernatural-change-made-by-the-divine-benediction-which-we-also-readily-acknowledge-archbishop-tillotson-in-his-discourse-of-transubstantiation-pag-291-of-his-works-in-folio-publishd-in-his-life-time-by-john-johnson-am/oclc/642427099&referer=brief_results;;;4. Sacrifice and Eucharist (16th-18th century);2. Sacrifice and religion: comparisons antiquarians anthropology (16th-18th century)
Ladesma de, Diego;1519-1575;;;;De diuinis Scripturis, quauis passim lingua, non legendis, simul et de sacrificio Missae, caeterisque officijs in Ecclesia Christi, hebraea tantum, graeca, aut latina lingua celebrandis, aduersus nostrae aetatis haereticos liber unus;;;;;;Calenius & Quentel;;Cologne;1574;16;Latin;Cologne, Quentel, 1597;Catholicism;Mess;Ancient Greeks;Jews;Liturgy;https://reader.digitale-sammlungen.de//resolve/display/bsb10194030.html;Digitalization;;2. Sacrifice and religion: comparisons antiquarians anthropology (16th-18th century);1. Sacrifice and Bible (16th-18th century)
Latomus, Bartholomaeus;1485-1566;;;;De docta simplicitate primae ecclesiae, et de usu calicis in Synaxi, et de Eucharistico sacrificio, adversus petulantem insultationem Iacobi Andreae, Pastoris Géppingensis Barth. Latomi Responsio;;;;;;Maternum Cholinum;;Cologne;1559;16;Latin;s.l., Cholinus, 1559;Catholic;Mass;Christianism (first centuries);Controversy;Chalice;https://daten.digitale-sammlungen.de/0002/bsb00023065/images/index.html?fip=193.174.98.30&id=00023065&seite=1;Digitalization;;1. Sacrifice and Bible (16th-18th century);2. Sacrifice and religion: comparisons antiquarians anthropology (16th-18th century)
Laurence, Roger;1670-1736;;;;"The Bishop of Oxford's charge consider'd, in reference to the independency of the church upon the state, a proper sacrifice in the sacrament of the Lord's supper, the nature and necessity of sacerdotal absolution, and the invalidity of baptism, administered by persons not episcopally ordain'd
";;;;;;H. Clements;;London;1712;18;English;;Anglicanism;Christ's Sacrifice;Church-State Relations;;;https://www.google.it/books/edition/The_Bishop_of_Oxford_s_Charge_Consider_d/s-NbAAAAQAAJ?hl=it&gbpv=1&dq=The+Bishop+of+Oxford%27s+charge+consider%27d&printsec=frontcover ;Digitalization;;4. Sacrifice and Eucharist (16th-18th century);
Lonicer, Johannes;1497-1569;;;;Figurarum, pro Missionum, Historiarum, Caeremoniarum, Victimarum, & Sacrificiorum, Ex Testamento vetere, Ad Christum Dei Filium, & Ecclesiam eius pertinentium Synaoroisis;;;;;;Haered. Ch. Egen.;;Franc;1560;16;Latin;;Lutheranism;Patriarchs;Ancient Sacrifices;Bible, Old Testament;;http://books.google.com/books?id=p7IX-H5CjA4C&printsec=frontcover;Digitalization;;2. Sacrifice and religion: comparisons antiquarians anthropology (16th-18th century);1. Sacrifice and Bible (16th-18th century)
Maresius, Samuel;1599-1673;;;;Disputationum exegeticarum ad confessionem Belgicam trigesima sexta, quae est de sacerdotio & sacrificio Christi, eaque prior ad articulum vigesimum primum;;;;;;Johannis Sas;;Groningen;1648;17;Latin;;Protestantism;Presbyterianism;Confessio Belgica;Christ's Sacrifice;Controversy;https://books.google.it/books?id=LcfjAuo0_ioC&printsec=frontcover&redir_esc=y#v=onepage&q&f=false;Digitalization;;4. Sacrifice and Eucharist (16th-18th century);
"Marlorat, Augustin; de Béze Théodore";"1506-1562; 1519 -1605";;;;"Sommaire recueil des signes sacrez, sacrifices et sacremens instituez de Dieu depuis la création du monde ; et De la vraye origine du sacrifice de la messe";;;;;;[Pierre Philippe];;[Caen];1561;16;French;;Calvinism;Liturgy;Mass;Ancient Sacrifices;Sacraments;https://books.google.it/books?id=1wne35HS_M8C&printsec=frontcover&hl=it&source=gbs_ge_summary_r&cad=0#v=onepage&q&f=false;Digitalization;;2. Sacrifice and religion: comparisons antiquarians anthropology (16th-18th century);1. Sacrifice and Bible (16th-18th century)
Marténez, Prado Juan de;?-?;;Dominican friar;;De Eucharistiae Sanctissimo Sacramento, et Diuino Missae Sacrificio: dubitationes scholasticae [et] morales : super tertiam partem summae doctoris Angelici D. Thomae, é quaestione 73 vsque 83;;;;;;Franciscum Coxedum;;Collegio S. Thomae  [?];1662;17;Latin;;Catholicism;Sacraments;Eucharist;Saints;Mass;https://books.google.it/books?id=81Hrh5-wINQC&printsec=frontcover&redir_esc=y#v=onepage&q&f=false;Digitalization;;4. Sacrifice and Eucharist (16th-18th century);
Moore, Thomas junior;?-?;;;;"Truth vindicating itself from treason and rebellion, or, A brief discovery how the faith of the Grace of God to manward, in, and through Christ Jesus our Lord, who once appeared in the end of the world, to put away sin by the sacrifice of himself, and by means thereof is Saviour of the world : as likewise the hope of his appearing the second time without sin, to the salvation of them that look for him : not onely clears itself from, but most directly and severely reproves all manner of sedition, and resisting the powers that God by his providence sets over us, whether they be good and gentle to us, or whether they be froward, and rise up against us
";;;;;;[printed for the author];;London;1661;17;English;;Theology;Grace;Evil;Christ's Sacrifice;;"https://quod.lib.umich.edu/cgi/t/text/text-idx?c=eebo2;idno=B43467.0001.001";Transcription;;4. Sacrifice and Eucharist (16th-18th century);
Musculus, Wolfgang;1497-1563;;;;Adversus Libellum Iohannis Cochlaei De Sacerdotio ac Sacrificio novae legis aeditum: Anticochlaeus Primus;;;;;;Ulhard;;Augsburg;1544;16;Latin;;Protestantism;Priesthood;Controversy;New Alliance;John Cocleo;https://books.google.it/books?id=PlA8AAAAcAAJ&printsec=frontcover&redir_esc=y#v=onepage&q&f=false;Digitalization;;4. Sacrifice and Eucharist (16th-18th century);
N. L. M;?-?;;Benedictine monk;Garet Jean (1627-1694);"La Probation de la S. messe et sacrifice d'icelle tire?e du vieil et nouveau Testament et des SS. Pe?res, contre les faussetez du sieur Du Plessis Mornay, par N. L. M. [Traduit du latin de Jean Garet.]
";;;;;;s.e.;;Paris;1599;16;French;" 	
Paris, F. Duchesne et A. Rousset, 1600";Eucharist;Controversy;Exegesis;;;https://www.worldcat.org/title/probation-de-la-s-messe-et-sacrifice-dicelle-tiree-du-vieil-et-nouveau-testament-et-des-ss-peres-contre-les-faussetez-du-sieur-du-plessis-mornay-par-n-l-m-traduit-du-latin-de-jean-garet/oclc/1172024272?referer=di&ht=edition;;;4. Sacrifice and Eucharist (16th-18th century);
Nelson, Robert;1656-1715;;"English lay religious writer and ""non-juror""";;The great duty of frequenting the Christian sacrifice : and the nature of the preparation required : with suitable devotions, partly collected from the ancient liturgies, to which are prefixed instructions for confirmation;;;;;;T. & J, Swords;;New York;1699;17;English;;Eucharistic;Mass;Liturgy;;;https://www.archive.org/download/greatdutyoffrequ00nels/greatdutyoffrequ00nels.pdf;Digitalization;;4. Sacrifice and Eucharist (16th-18th century);
Owen, John;1616-1683;;English nonconformist church leader, theologian, and academic administrator at the University of Oxford;;Exercitations on the Epistle to the Hebrews also concerning the Messiah wherein the promises concerning him to be a spiritual redeemer of mankind are explained and vindicated, his coming and accomplishment of his work according to the promises is proved and confirmed, the person, or who he is, is declared, the whole oeconomy of the mosaical law, rites, worship, and sacrifice is explained : and in all the doctrine of the person, office, and work of the Messiah is opened, the nature and demerit of the first sin is unfolded, the opinions and traditions of the antient and modern Jews are examined, their objections against the Lord Christ and the Gospel are answered, the time of the coming of the Messiah is stated, and the great fundamental truths of the Gospel vindicated : with an exposition and discourses on the two first chapters of the said epistle to the Hebrews;;;;;;Robert White;Nathaniel Ponder;[London];1668;17;English;;Saint Paul;Bible, Hebrews;Puritanism;Christ's Sacrifice;;https://ota.bodleian.ox.ac.uk/repository/xmlui/handle/20.500.12024/A53696 ;HTML;;1. Sacrifice and Bible (16th-18th century);
Owtram, William;bap.1626-1679;;Anglican latudinarian clergyman;;"Two dissertations on sacrifices: the first on all the sacrifices of the Jews, with remarks on some of those of the heathens ; the second on the sacrifice of Christ, in both which the general doctrine of the Christian church on these subjects is defended against the Socinians, trans. John Allen";;;;;;John Allen;Burton and Briggs, Gale and Fenner, Hatchard;London;[1677];17;English;2 ed. Henry Goode, 1828;Socinianism;Jewish Sacrifice;Anti-Trinitarian Controversy;Chirst's Sacrifice;;https://books.google.it/books?id=R94UAAAAYAAJ&printsec=frontcover&redir_esc=y#v=onepage&q&f=false;Digitalization;;1. Sacrifice and Bible (16th-18th century);2. Sacrifice and religion: comparisons antiquarians anthropology (16th-18th century)
Panvino, Onofrio;1530-1568;;Italian historian and humanist;;Onuphrii Panvinii Veronensis, de ludis circensibus, libri ii. De triumphis, liber unus. Quibus universa fere? romanorum veterum sacra ritusq. declarantur, ac figuris aenis illustrantur;;;;;;Petri Marie Frambotti ;;Padua;1683;17;Latin;;Ancient Sacrifices;Ancient Romans;Rome;;;https://www.worldcat.org/title/onuphrii-panvinii-veronensis-de-ludis-circensibus-libri-ii-de-triumphis-liber-unus-quibus-universa-fere-romanorum-veterum-sacra-ritusq-declarantur-ac-figuris-aenis-illustrantur/oclc/939440424?referer=di&ht=edition;;;2. Sacrifice and religion: comparisons antiquarians anthropology (16th-18th century);
Parker, Samuel;1640-1687;;;;"Dr. Samuel Parker Lord Bishop of Oxford's Reasons for abrogating the test imposed upon all Members of Parliament. Anno 1678. Octob. 30 : In these words: I A.B. do solemnly and sincerely, in the presence of God, profess, testifie, and declare, that I do believe that in the Sacrament of the Lord's Supper there is not any transubstantiation of the elements of bread and wine into the body and blood of Christ, at, or after the consecration thereof by any persons whatsoever; and that the invocation or adoration of the Virgin Mary, or any other saint, and the sacrifice of the Mass, as they are now used in the Church of Rome, are superstitious and idolatrous. First written for the author's own satisfaction; and now published for the benefit of all others whom it may concern
";;;;;;Holy-Rood-House;;[Edinburgh];1688;17;English;;Transubstantiation;Anglicanism;Eucharist;Anti-Catholic Controversy;;https://books.google.it/books?id=7NtmAAAAcAAJ&printsec=frontcover&hl=it&source=gbs_ge_summary_r&cad=0#v=onepage&q&f=false;Digitalization;;4. Sacrifice and Eucharist (16th-18th century);
Patrick, Simon;1626 -1707;;;;The Christian sacrifice : a treatise shewing the necessity, end, and manner of receiving the Holy Communion: together with suitable prayers and meditations;;;;;;R.N.;;London;1671;17;English;1693, London, J.H.;Eucharist;Lirurgy;Prayers;Meditations;;https://www.google.it/books/edition/The_Christian_Sacrifice_A_Treatise_Shewi/jX1mAAAAcAAJ?hl=it&gbpv=1&dq=the+christian+sacrifice:+a+treatise+shewing+the+necessity,+end+and+manner+of+receiving+the+holy+communion+...&printsec=frontcover ;Digitalization;;4. Sacrifice and Eucharist (16th-18th century);6. Sacrifices of self: Martyrology after Reformation (16th-18th century)
Patrick, Simon;1626 -1707;;;;Religious conscience : or, the morning and evening sacrifice. A poem. In imitation of Dr. Young's Night thoughts;;;;;;[printed for many sellers];;London;[1755];18;English;;Poems;Conscience;;;;https://www.worldcat.org/title/religious-conscience-or-the-morning-and-evening-sacrifice-a-poem-in-imitation-of-dr-youngs-night-thoughts/oclc/642553582&referer=brief_results;;;4. Sacrifice and Eucharist (16th-18th century);
Patrick, Simon;1626 -1707;;;;"The Christian sacrifice. A treatise shewing the necessity, end and manner of receiving the Holy Communion: together with suitable prayers and meditations for every month in the year; and the principal festivals in memory of our Blessed Saviour. In four parts. By the Right Reverend Father in God, Simon Lord Bishop of Ely
";;;;;;R. N.;R. Roston;London;1671;17;English;"J. H[eptinstall], London,1693; W. H., London, 1697; J. H., London, 1701";Prayers;Anglicanism;Eucharist;Meditations;;https://www.google.it/books/edition/The_Christian_Sacrifice_A_Treatise_Shewi/jX1mAAAAcAAJ?hl=it&gbpv=1&dq=The+Christian+sacrifice.+A+treatise+shewing+the+necessity&printsec=frontcover ;This is the 10th edition. It is quite impossible to find the others online;;4. Sacrifice and Eucharist (16th-18th century);
Pelling, Edward;1640-1718;;;;"The regular Christians daily sacrifice, or, A collection of prayers chiefly out of David's Psalms and the rest of the Common prayer book : to be used by the people in their private devotion on all ordinary and special occasions : with a particular office for sacrament-days
";;;;;;Ben. Griffin and Sam. Keble;;Lodon;1685;17;English;;Anglicanism;Prayers;David;Book of Common Prayers;;https://search.proquest.com/docview/2240854349 ;Digitalization;;4. Sacrifice and Eucharist (16th-18th century);
Philipot, Thomas;?-1682;;English poet and writer;;Antiquitas theologica & gentilis, or, Two discourses : the first, concerning the original of churches, and their direct or collateral endowments : the second, touching the religion of the gentiles, their temples, priests, sacrifices, and other ancient rituals. A work necessary for divines, lawyers, antiquaries, historians and poets;;;;;;W.G.;R. Needham;London;1670;17;English;;Ancient Sacrifices;Temples;Antiquarianism;;;https://www.google.it/books/edition/Antiquitas_theologica_et_gentilis_Or_two/rOZoAAAAcAAJ?hl=it&gbpv=1&dq=Antiquitas+theologica+%26+gentilis,+or,+Two+discourses+philipot&pg=PP17&printsec=frontcover;Digitalization;;2. Sacrifice and religion: comparisons antiquarians anthropology (16th-18th century);
Phipps, Joseph;1708-1787;;;;The original and present state of man, briefly considered wherein is shewn, the nature of his fall, and the necessity, means and manner of his restoration, through the sacrifice of Christ, and the sensible operation of that divine principle of grace and truth, held forth to the world, by the people called Quakers;;;;;;Mary Hinde;;London;1723;18;English;"1788, London, s.e.; 1788, New York, William Ross; 1793, Trenton; 1799, Philadelphia";Quaker;Grace;Christ's Sacrifice;;;https://www.google.it/books/edition/The_Original_and_Present_State_of_Man_Br/rlBpAAAAcAAJ?hl=it&gbpv=1&dq=The+original+and+present+state+of+man&pg=PA11&printsec=frontcover;Digitalization;;4. Sacrifice and Eucharist (16th-18th century);
Pitcarne, Alexander;1625ca.-1695;;;;The [sp]iritual sacrifice, or, A treatise wherein several weighty questions and cases concerning the saints communion with God in prayer are propounded and practically improved;;;;;;George Sawbridge;;London;1644;17;English;;Prayers;Sanctity;Saints;Questionnaire;;https://www.worldcat.org/title/spiritual-sacrifice-or-a-treatise-wherein-several-weighty-questions-and-cases-concerning-the-saints-communion-with-god-in-prayer-are-propounded-and-practically-improved/oclc/1203734890&referer=brief_results;;;4. Sacrifice and Eucharist (16th-18th century);
Purchas, Samuel;1575 ca-1626;;English religious and writer;;Purchas his Pilgrimage, or, Relations of the world and the religions observed in all ages and places discouered, from the creation vnto this present : in foure partes : this first containeth a theologicall and geographicall historie of Asia, Africa, and America, with the ilands adiacent : declaring the ancient religions before the floud, the heathnish, Jewish, and Saracenicall in all ages since ... with briefe descriptions of the countries, nations, states, discoueries, priuate and publike customes, and the most remarkable rarities of nature, or humane industrie, in the same;;;;;;William Stansby;Henrie Fetherstone;London;1613;17;English;"London, William Stansby,1614; London, William Stansby,1617";Sacrifice Compared;Asia;Africa;Native Americans;Jews;https://www.worldcat.org/title/purchas-his-pilgrimage-or-relations-of-the-world-and-the-religions-observed-in-all-ages-and-places-discouered-from-the-creation-vnto-this-present-in-foure-partes-this-first-containeth-a-theologicall-and-geographicall-historie-of-asia-africa-and-america-with-the-ilands-adiacent-declaring-the-ancient-religions-before-the-floud-the-heathnish-jewish-and-saracenicall-in-all-ages-since-with-briefe-descriptions-of-the-countries-nations-states-discoueries-priuate-and-publike-customes-and-the-most-remarkable-rarities-of-nature-or-humane-industrie-in-the-same/oclc/25717233?referer=di&ht=edition;;;2. Sacrifice and religion: comparisons antiquarians anthropology (16th-18th century);
"Rainolds, John; Hart, John";"1549-1607; ?-?";;Jesuit;;The summe of the conference betweene Iohn Rainoldes and Iohn Hart : Touching the head and the faith of the church. Wherein by the way are handled sundrie pointes, of the sufficiencie and right expounding of the Scriptures, the ministerie of the church, the function of priesthood, the sacrifice of the Masse, with other controuersies of religion: but chiefly and purposely the poynt of Church-gouernement ... Penned by Iohn Rainoldes ... perused by Iohn Hart, and (after things supplied, and altered, as he thought good) allowed for the faithfull report of that which past in conference betweene them. Whereunto is annexed a treatise intituled, Six conclusions touching the holy Scripture and the church, written by Iohn Rainoldes. With a defence of such things as Thomas Stapleton and Gregorie Martin have carped at therein;;;;;;W. Hall;;London;1588;16;English;;Christ's Sacrifice;Puritanism;Eucharist;Controversy;Jesuits (S.J.);https://www.worldcat.org/title/summe-of-the-conference-betweene-iohn-rainoldes-and-iohn-hart-touching-the-head-and-the-faith-of-the-church-wherein-by-the-way-are-handled-sundrie-pointes-of-the-sufficiencie-and-right-expounding-of-the-scriptures-the-ministerie-of-the-church-the-function-of-priesthood-the-sacrifice-of-the-masse-with-other-controuersies-of-religion-but-chiefly-and-purposely-the-poynt-of-church-gouernement-penned-by-iohn-rainoldes-perused-by-iohn-hart-and-after-things-supplied-and-altered-as-he-thought-good-allowed-for-the-faithfull-report-of-that-which-past-in-conference-betweene-them-whereunto-is-annexed-a-treatise-intituled-six-conclusions-touching-the-holy-scripture-and-the-church-written-by-iohn-rainoldes-with-a-defence-of-such-things-as-thomas-stapleton-and-gregorie-martin-have-carped-at-therein/oclc/61371128?referer=br&ht=edition;;;4. Sacrifice and Eucharist (16th-18th century);
Roberts, Francis;1609-1675;;English puritan clergyman, author and librarian;;A broken spirit, God's sacrifices. Or, The gratefulnesse of a broken spirit unto God. Represented in a sermon, before the right Honourable House of Peeres, in K. Henry the Seventh's chappell in the Abbey Westminster, upon Wednesday Decemb. 9. 1646. Being a day of publike humiliation for removing of the great judgment of rain and waters then upon the kingdome, &c;;;;;;George Calvert;;London;1646;17;English;;Sermons;Anglicanism;Sin;;;"https://quod.lib.umich.edu/e/eebo/A91855.0001.001/1:3?rgn=div1;view=fulltext";Transcription;;6. Sacrifices of self: Martyrology after Reformation (16th-18th century);
Rous, Francis;1615-1643;;English politician and puritan religious author, who was provost of Eton from 1644 to 1659, and briefly speaker of the House of Commons in 1653;;Archéologié atticé libri tres : three books of the Attick antiquities, containing the description of the cities glory, government, division of the people, and townes within the Athenian territories, their religion, superstition, sacrifices, account of their year : as also a full relation of their judicatories;;;;;;George Calvert;;London;1646;17;Latin;;Ancient Sacrifices;Liturgy;Ancient Greeks;;;https://www.archive.org/details/archaeologaeiatt00rous;Digitalization;;2. Sacrifice and religion: comparisons antiquarians anthropology (16th-18th century);
s.n.;?-?;;;;Balaams asse, or The city-fast for cursing the King : and blessing Oliver. : VVith the peoples speech to their independent drivers. And the asses sacrifice, or good speed to Oliver;;;;;;s.e.;;s.l.;1649;17;English;;Charles I, King of England and Scotland;Oliver Cromwell;English Civil War;English Reformation;;"https://quod.lib.umich.edu/cgi/t/text/text-idx?c=eebo2;idno=A77769.0001.001 ";Transcription;;3. Sacrifice and politics (16th-18th century);
s.n.;?-?;;;;The divine banquet : or, sacramental devotions. Consisting of morning and evening prayers, contemplations and hymns for every day in the week, in order to a more solemn preparation for the worthy receiving of the Holy Communion. ... To which is added, The devout Christian daily sacrifice;;;;;;printed for Nath. Crouch;;London;1696;17;English;"1711, London, Crouch; 1724, London, Crouch";Last Supper;Prayers;Hymns;;;"https://www.worldcat.org/title/divine-banquet-or-sacramental-devotions-consisting-of-morning-and-evening-prayers-contemplations-and-hymns-for-every-day-in-the-week-in-order-to-a-more-solemn-preparation-for-the-worthy-receiving-of-the-holy-communion-to-which-is-added-the-devout-christian-daily-sacrifice/oclc/990953921?referer=di&ht=edition						";;;4. Sacrifice and Eucharist (16th-18th century);
s.n.;?-?;;;;"The pious Christian's sacrifice ; or, devotions for the devout soul on Sacrament-Day, both in his closet, and in the church. Principally taken out of the Liturgy, and of the Writings of the most eminent Men of the Church of England. Fit to be bound with Common-Prayers
";;;;;;H. Meere;;London;1717;18;English;;Anglicanism;Christ's Sacrifice;Liturgy;;;https://www.google.it/books/edition/The_Pious_Christian_s_Sacrifice_Or_Devot/N1hiAAAAcAAJ?hl=it&gbpv=1&dq=The+pious+Christians+sacrifice+%3B+or,+devotions+for&printsec=frontcover ;Digitalization;;4. Sacrifice and Eucharist (16th-18th century);
S.n.;;;;;Descrizione della presente figura mandata in Roma da un missionario apostolico della Cina con le cirimonie, che si praticano nel solenne sacrificio di Confucio: cauata dall'articolo 4. dei quesiti decisi dalla Santité di N.S. Clemente 11. il dé 20. nouembre 1704;;;;;;s.e.;;s.l.;[1704];18;Italian;;Catholicism;Confucianism;China, Christianity in;Missions;Chinese Rites;https://opac.sbn.it/opacsbn/opaclib?saveparams=false&db=solr_iccu&select_db=solr_iccu&searchForm=opac%2Ficcu%2Favanzata.jsp&resultForward=opac%2Ficcu%2Ffull.jsp&do_cmd=search_show_cmd&extra_rpnlabel=&long_emisfero_da=-&long_gradi_da=&long_primi_da=&long_secondi_da=&long_emisfero_a=-&long_gradi_a=&long_primi_a=&long_secondi_a=&lat_emisfero_da=&lat_gradi_da=&lat_primi_da=&lat_secondi_da=&lat_emisfero_a=&lat_gradi_a=&lat_primi_a=&lat_secondi_a=&nentries=1&rpnlabel=+Titolo+%3D+sacrificio+%28parole+in+AND%29++AND+Titolo+%3D+Roma+%28parole+in+AND%29++AND+Anno+di+pubblicazione%3E%3D1500++AND+Anno+di+pubblicazione%3C%3D1799+&rpnquery=%40attrset+bib-1+%40and+%40and+%40and++%40attr+1%3D4+%40attr+4%3D6+%22sacrificio%22++%40attr+1%3D4+%40attr+4%3D6+%22Roma%22++%40attr+1%3D31+%40attr+4%3D4++%40attr++2%3D4+%221500%22++%40attr+1%3D31+%40attr+4%3D4++%40attr++2%3D2+%221799%22&fname=none&from=2;;;2. Sacrifice and religion: comparisons antiquarians anthropology (16th-18th century);7. Sacrifices of self: Martirology and Catholic global missions (16th-18th century)
Sancto Francisco, Angelus é;1601-1678;;Franciscan friar;;Holy altar and sacrifice explain'd: in some familiar dialogues on the mass, and what may appertain to it: For the more easy Information and Instruction of those who desire to hear Mass well, and to assist at that great Sacrifice, according to the Spirit and Intention of the Church. With an appendix, concerning saying mass in Latin, and of pronouncing the secret prayers and the canon with a low voice. By P.B.O.S.F.;;;;;;different sellers;;London;1768;18;English;;Eucharist;Catholicism;Franciscans (O.F.M.);Liturgy;Dialogs;https://www.worldcat.org/title/holy-altar-and-sacrifice-explaind-in-some-familiar-dialogues-on-the-mass-and-what-may-appertain-to-it-for-the-more-easy-information-and-instruction-of-those-who-desire-to-hear-mass-well-and-to-assist-at-that-great-sacrifice-according-to-the-spirit-and-intention-of-the-church-with-an-appendix-concerning-saying-mass-in-latin-and-of-pronouncing-the-secret-prayers-and-the-canon-with-a-low-voice-by-pbosf/oclc/745244538?referer=di&ht=edition;;;4. Sacrifice and Eucharist (16th-18th century);
Scandret, John;?-?;;;;Sacrifice the divine service, from the covenant of grace, to the consumation of the mystery of man's redemption. By J. Scandret [...] To which is prefix'd a letter to the author, from the Reverend Mr. Charles Leslie;;;;;;Geo. Strathan;;London;1707;18;English;London, S. Austin, 1675;Mass;Grace;Sacraments;;;https://www.worldcat.org/title/sacrifice-the-divine-service-from-the-covenant-of-grace-to-the-consumation-of-the-mystery-of-mans-redemption-by-j-scandret-to-which-is-prefixd-a-letter-to-the-author-from-the-reverend-mr-charles-leslie/oclc/225179389&referer=brief_results;;;4. Sacrifice and Eucharist (16th-18th century);
Schotanus, Christian;1603-1671;;;;Dissertatio philologico-theologica De sacrificio ... de quo alias Sacer Codex, Lev. 2, v. 1 et Num. 15 v. 4 ... quam divina auxiliante gratia moderatore ... Christiano Schotano publicé ac placidé ventilationi subjicit ... Olaus Erici Tormius;;;;;;Johannes Wellens;;Franeker;1662;17;Latin;;Protestantism;Philology;Bible, Levitic;Bible, Numbers;Jews;https://archive.org/details/den-kbd-all-11010400889F-001;Digitalization;;1. Sacrifice and Bible (16th-18th century);
Sibbes, Richard;c.1577-1635;;Anglican theologian and biblical exegete;;Evangelicall sacrifices. In xix. sermons. I. Thankfull commemorations for Gods mercy in our great deliverance from the papists powder-plot. 2. The successefull seeker. 3. Faith triumphant. 4. Speciall preparations to fit us for our latter end in foure funerall sermons. 5. The faithfull covenanter. 6. The demand of a good conscience. 7. The sword of the wicked. By the late learned and reverend divine, Rich. Sibbs. Doctor in Divinity, Mr. of Katherine Hall in Cambridge, and sometimes preacher to the honourable society of Grayes-Inne. The third tome. Published and perused by D. Sibbs owne appointment, subscribed with his hand to prevent imperfect copies after his decease;;;;;;T. B. ;;London;1640;17;English;John William, London, 1645;Sermons;Anglicanism;Christ's Sacrifice;Controversy;;https://ota.bodleian.ox.ac.uk/repository/xmlui/handle/20.500.12024/A12182;HTML;;6. Sacrifices of self: Martyrology after Reformation (16th-18th century);
Smith, Henry;c.1560-1591;;English clergyman and popular puritan preacher;;The Christians sacrifice Seene, and allowed;;;;;;Thomas Orwin;Thomas Man;London;1589;16;English;;Christ's Sacrifice;Puritanism;Sermons;;;https://books.google.it/books?id=VaBkAAAAcAAJ&pg=PP7&hl=it&source=gbs_selected_pages&cad=3#v=onepage&q&f=false;Digitalization;;4. Sacrifice and Eucharist (16th-18th century);
Smith, Michael;?-?;;;;"Christianity unmasqued : or unavoidable ignorance preferable to corrupt Christianity. A poem. In twenty-one cantos. By Michael Smith, A.B. Vicar of South Mimms, in Hertfordshire. A Verse may catch him who a Sermon flies, And turn Delight into a Sacrifice. Ludentem lasciva severum, Seria dictu. Art. Poet
";;;;;;H. Turpin;;London;1771;18;English;;Poems;True and False;Ignorance;;;https://www.worldcat.org/title/christianity-unmasqued-or-unavoidable-ignorance-preferable-to-corrupt-christianity-a-poem-in-twenty-one-cantos-by-michael-smith-ab-vicar-of-south-mimms-in-hertfordshire-a-verse-may-catch-him-who-a-sermon-flies-and-turn-delight-into-a-sacrifice-ludentem-lasciva-severum-seria-dictu-art-poet/oclc/642487959?referer=di&ht=edition;;;4. Sacrifice and Eucharist (16th-18th century);
Smyth, Richard;1499/1500-1563;;;;De missae sacrificio, succincta quaedam enarratio;;;;;;Ioannem Bogardum;;Leuven;1562;16;Latin;;Catholicism;Eucharist;Mass;;;https://books.google.it/books?id=hXE-AAAAcAAJ&printsec=frontcover&redir_esc=y#v=onepage&q&f=false;Digitalization;;4. Sacrifice and Eucharist (16th-18th century);
Sporer, Patritius;?-1683;;;;Theologia Moralis Sacramentalis: In IV. Partes Divisa Ad Instructionem Ordinandorum & Curandorum Ex Materia De Sacramentis In Genere Et In Specie, I. De Ordine, & Horis Canonicis. II. De Sacerdotio, Sacrificio, & Eucharistia. III. De Poenitentia. IV. De Matrimonio, Item de Peccatis contra Sextum;;;;;;Joannis Baptistae Mayr;;Salzburg;1700;17;Latin;;Catholicism;Moral Theology;Sacraments;Eucharist;;https://books.google.it/books?id=ujdFAAAAcAAJ&printsec=frontcover&redir_esc=y#v=onepage&q&f=false;Digitalization;;4. Sacrifice and Eucharist (16th-18th century);
Stafford, Anthony;1587-1645?;;;;"The day of salvation, or, A homily upon the bloody sacrifice of Christ, or his death and passion : written, and intended onely for private meditation of a most noble and vertuous lady, on Good-Friday last, but since thought worthy the publique view
";;;;;;N. and I. Okes;;London;1635;17;English;;Sermons;Christ's Sacrifice;Anglicanism;Blood;Christ's Sacrifice;https://www.worldcat.org/title/day-of-salvation-or-a-homily-upon-the-bloody-sacrifice-of-christ-or-his-death-and-passion-written-and-intended-onely-for-private-meditation-of-a-most-noble-and-vertuous-lady-on-good-friday-last-but-since-thought-worthy-the-publique-view/oclc/1069338467?referer=di&ht=edition;;;4. Sacrifice and Eucharist (16th-18th century);
"Stewart, William; De Béze, Théodore";"c. 1490-1545; 1519-1605";;;;Ane breif gathering of the halie signes, sacrifices and sacramentis institutit of God sen the creation of the warlde. And of the trew originall of the sacrifice of the messe. Translatit out of Frenche into Scottis be ane faithful brother;;;;;;Robert Lekprevik;;Edinburgh;[1565];16;Scottish;;Calvinism;Controversy;Mass;;;https://www.worldcat.org/title/breif-gathering-of-the-halie-signes-sacrifices-and-sacramentis-institutit-of-god-sen-the-creation-of-the-warlde-and-of-the-trew-originall-of-the-sacrifice-of-the-messe-translatit-out-of-frenche-into-scottis-be-ane-faithful-brother/oclc/61336448?referer=di&ht=edition;;;4. Sacrifice and Eucharist (16th-18th century);
Stucki, Johann Wilhelm;1542-1607;;;;Sacrorum, Sacrificiorumq[ue] Gentilium Brevis Et Accurata Descriptio: universae Superstitionis Ethnicae ritus cerimoniasq[ue] complectens: Ad Sacros Et Profanos Scriptores probe intelligendos explicandosq[ue] peraccommodata: Ex Antiquiéimis probatiéimisq[ue] Auctoribus depromta et nunc primum [...];;;;;;Johannem Wolphium;;Zurich [Tiguri];1598;16;Latin;;Protestantism;Christian History;Liturgy;Ancient Sacrifices;Ethnos;https://www.e-rara.ch/zuz/content/titleinfo/1663576;Digitalization;;2. Sacrifice and religion: comparisons antiquarians anthropology (16th-18th century);
Suarez, Francisco;1548-1617;;;;Opera omnia;;;;;;L. Vivés;;Paris;1891;19;Latin;;Mass;Thomas Aquinas;Sacraments;Eucharist;Biblical Commentaries;https://books.google.it/books?id=F2YVAAAAQAAJ&printsec=frontcover&redir_esc=y#v=onepage&q&f=false;Digitalization;;4. Sacrifice and Eucharist (16th-18th century);
Suarez, Francisco;1548-1618;;;;Summa commentariorum ac disputationum P. D. Fr. Suarez ...: de sacramentis, indulgentiis, suffragiis, purgatorio, clauibus ecclesiae, sacrificio missae, censuris, ac irregularitate, tum generatim cum speciatim;;;;;;Iacobi Cardon et Petri Cavellat;;Lyon;1627;17;Latin;;Catholicism;Sacraments;Mass;Jesuits (S.J.);;https://books.google.it/books?id=I99Z62LilukC&printsec=frontcover&redir_esc=y#v=onepage&q&f=false;Digitalization;;4. Sacrifice and Eucharist (16th-18th century);
Taylor, John;1694-1761;;English dissenting preacher, Hebrew scholar, and theologian;;The Scripture-doctrine of Antonement Examined: First, in Relation to Jewish Sacrifices: and Then, to the Sacrifice of Our Blessed Lord and Saviour Jesus Christ;;;;;;J. Waugh;J. Waugh;London;1751;18;French;;Jewish Sacrifices;Sin;Exegesis;Punishment;;http://books.google.com/books/download/The_Scripture_doctrine_of_Antonement_Exa.pdf?id=Y9BbAAAAQAAJ&output=pdf&sig=ACfU3U1i11P70fCNxkdWELNfZZVPhFyxaA;PDF;;1. Sacrifice and Bible (16th-18th century);2. Sacrifice and religion: comparisons antiquarians anthropology (16th-18th century)
Tillotson, John;1630-1694;;Anglican archbishop of Canterbury from 1691 to 1694;;"A Sermon Preach'd before the Queen At White-Hall; April the 9th, 1693. Concerning the Sacrifice and Satisfaction of Christ";;;;;;J. Hills;;London;1707;18;English;;Anglicanism;Christ's Sacrifice;Sermons;English Reformation;;https://books.google.it/books?id=LwM_AAAAcAAJ&printsec=frontcover&redir_esc=y#v=onepage&q&f=false;Digitalization;;4. Sacrifice and Eucharist (16th-18th century);
Titius, Gerhar;1661-1714;;;;Disputatio Theologica De Papistico Missae Sacrificio : Cum Epimetro Ad Leonem Allatium Graecum / Quam D.O.M.A. Sub Praesidio Gerhardi Titii ... Ad diem Aprilis In Academia Iulia Publice ventilandam proponit Hermannus Nerge Hildesiensis;;;;;;Johann Heitméller;;Helmestadt;1657;17;Latin;Helmestadii, Heitméllerus,1658;Lutheranism;Mass;Controversy;Peace of Augsburg ;;http://diglib.hab.de/drucke/901-1-helmst-dr-2s/start.htm;Digitalization;;4. Sacrifice and Eucharist (16th-18th century);
Tournely, Honoré;1658-1729;;;;Praelectionum theologicarum Honorati Tournely continuatio sive Tractatus de universa theologia morali: Ubi agitur I. De Confirmatione, II. De Eucharistia ut Sacramento necnon de sacrificio Missae;;;;;;Nicolaum Pezzana;;Venice;1751;18;Latin;Cologny, ex Officina Metternichiana, 1754;Catholicism;Mass;Sacraments;Moral Theology;;https://books.google.it/books?id=Fy_oS2BihlwC&printsec=frontcover&redir_esc=y#v=onepage&q&f=false;Digitalization;;4. Sacrifice and Eucharist (16th-18th century);
Turretin, Benedict;1588-1631;;;;Theses theologicae de falso missae sacrificio / quas ... sub praesidio ... Benedicti Turrettini ... publice discutiendas proponit Nicolaus Antonii Teroduno-lotharingus;;;;;;Johannis de la Planche;;Geneva;1626;17;Latin;;Calvinism;Mass;Sacraments;;;https://www.e-rara.ch/gep_r/content/titleinfo/15573244;Digitalization;;4. Sacrifice and Eucharist (16th-18th century);
Valentia, Gregorius;1550 ca.-1603;;;;Apologia de S. missae sacrificio adversus cavillationes Jacobi Herbrandi contra tractatum de eodem argumento superiori anno Ingolstadii editum;;;;;;Sartorius;;Ingolstadt;1581;16;Latin;;Catholicism;Mass;Herbrand;;;https://books.google.it/books?id=NWlMAAAAcAAJ&printsec=frontcover&redir_esc=y#v=onepage&q&f=false;Digitalization;;4. Sacrifice and Eucharist (16th-18th century);
Valentia, Gregorius;1551 ca.-1603;;;;De sacro Sancto Missae sacrificio contra impiam disputationem Tubinge nuper é Iacobo Herbrando propositam, atq. adeé contra peruersissimam Lutheri, Kemnicii;;;;;;Davidem Sartorium;;Ingolstadt;1580;16;Latin;;Catholicism;Controversy ;Martin Luther;Lutheranism;;https://books.google.it/books?id=pVqy_uraI0cC&printsec=frontcover&redir_esc=y#v=onepage&q&f=false;Digitalization;;4. Sacrifice and Eucharist (16th-18th century);
Veron, Franéois;1575-1649;;French jesuit controversialist;;Conference entre le P. Franéois Veron de la Compagnie de Iesus, et le Sieur de Langle M. de Queuilly, lez-Roéen, assisté de son Collegue le Sieur de la Riuiere. Sur le sacrifice de la messe Propitiatoire pour les Viuans & Trespassez;;;;;;Nicolas Le Prevost;;Rouen;1619;17;French;;Mass;Eucharist;Jesuits (S.J.);Catholicism;;https://books.google.it/books?id=gZCkmxUardQC&printsec=frontcover&hl=it&source=gbs_ge_summary_r&cad=0#v=onepage&q&f=false ;Digitalization;;4. Sacrifice and Eucharist (16th-18th century);
Vio de, Tommaso;1469-1534;;Cardinal;;Adversus Luteranos iuxta scripturam tractatus de sacrificio missae, de communione, de confessione, de sactisfactione, de invocatione sanctorum;;;;;;Quentel;;Cologne;1532;16;Latin;;Catholicism;Mass;Controversy;Mass;Sacraments;https://daten.digitale-sammlungen.de/0003/bsb00035928/images/index.html?fip=193.174.98.30&id=00035928&seite=1;Digitalization;;4. Sacrifice and Eucharist (16th-18th century);
Viret, Pierre;1511-1571;;Swiss reformed theologian and protestant reformer;;De la vraye et fausse religion : touchant les voeus et les sermens licites et illicites : et notamment touchant les voeus de perpetuelle continence et les voeus d'anatheme et d'execration et les sacrifices d'hosties humaines, et de l'excommunication en toutes religions;;;;;;Jean Rivery;;[Geneva?];1560;16;French;;Calvinism;Self-sacrifice;Abstinence;;;https://books.google.ch/books?id=oVGgj00y17wC&printsec=frontcover&hl=it&source=gbs_ge_summary_r&cad=0#v=onepage&q&f=false ;Digitalization;;4. Sacrifice and Eucharist (16th-18th century);
Watts, Isaac;1674-1748;;English Christian minister (Congregational), hymn writer, theologian, and logician;;The Redeemer and the Sanctifier: or The sacrifice of Christ and the operations of the Spirit vindicated [&c. By I. Watts];;;;;;J. Oswald;;London;1737;18;English;;Christ's Sacrifice;Grace;Controversy;Protestantism;;http://books.google.com/books/download/The_Redeemer_and_the_Sanctifier__or_The_.pdf?id=0rgCAAAAQAAJ&output=pdf&sig=ACfU3U2uDCCAZPND7-EyELz0se-TPPOoRA;Digitalization;;4. Sacrifice and Eucharist (16th-18th century);
Geusius, Jacobus ;fl. 1675;;;;Victimae Humanae, complexa Modos, Ceremonias et Tempora quibus olim Homines Diis suis immolabant et humanum sanguinem libabant;;;;;;Lens, Dominicus;;Groningen;1675;17;Latin;;Ancient Sacrifices;Human Sacrifices;Blood;Liturgy;;https://books.google.it/books?id=LsQDn-m49Q4C&pg=PP3&lpg=PP3&dq=Victimae+Humanae,+complexa+Modos,+Ceremonias+et+Tempora+quibus+olim+Homines+Diis+suis+immolabant+et+humanum+sanguinem+libabant&source=bl&ots=epc1Vni5tw&sig=ACfU3U288v45xUJyDUn3tsaTEOjd_YQ5Ew&hl=it&sa=X&ved=2ahUKEwjBuarYjtjwAhUBDuwKHaAXA7UQ6AEwBnoECAcQAw#v=onepage&q=Victimae%20Humanae%2C%20complexa%20Modos%2C%20Ceremonias%20et%20Tempora%20quibus%20olim%20Homines%20Diis%20suis%20immolabant%20et%20humanum%20sanguinem%20libabant&f=false;Digitalization;;2. Sacrifice and religion: comparisons antiquarians anthropology (16th-18th century);
Blount, Charles ;1654-1693;;;;Great is Diana of the Ephesians, or, The Original of Idolatry, Together with the Politick Institution of the Gentiles Sacrifices;;;;;;s.e.;;London;1680;17;English;;Diana;Idolatry;Ancient Sacrifices;Paganism;;https://quod.lib.umich.edu/e/eebo/A28435.0001.001?view=toc;Transcription;;2. Sacrifice and religion: comparisons antiquarians anthropology (16th-18th century);
D Choul, Guillaume;1496ca-1560;;;;Discours sur la religion des anciens Romains;;;;;;Guillaume Rouille;;Lyon;1556;16;French;;Ancient Sacrifices;Ancient Romans;Antiquarianism;;;https://gallica.bnf.fr/ark:/12148/bpt6k54532z.image;PDF;;2. Sacrifice and religion: comparisons antiquarians anthropology (16th-18th century);
Montesquieu, Charles-Louis de Secondat;1689-1755;;;Barkhausen, Henry;Pensées;OEuvres Complétes;;;;no. 673;Seuil;;Paris;1964;18;French;;Ancient Sacrifices;Early Christianity;Antiquarianism;;;https://www.worldcat.org/title/uvres-completes/oclc/1806765;;;2. Sacrifice and religion: comparisons antiquarians anthropology (16th-18th century);
Montesquieu, Charles-Louis de Secondat;1689-1756;;;Brunel, Pierre;Lettres persanes;;;;;no. 17;Pierre Brunel;;Amsterdam;1721;18;French;;Ancient Sacrifices;Early Christianity;Persia;Antiquarianism;;https://gallica.bnf.fr/ark:/12148/bpt6k1051588x/f5.image.r=;Digitalization;;2. Sacrifice and religion: comparisons antiquarians anthropology (16th-18th century);
De Jaucourt, Louis;1704-1779;;;;Sacrifice d'Abel;Encyclopédie, ou Dictionnaire des sciences, des arts et des métiers;;14;;478b;EE.VV.;;Paris;1751-1765;18;French;;Blood;Abel and Cain;Bible, Old Testament;Animals;France;"https://gallica.bnf.fr/ark:/12148/bpt6k50546p?rk=128756;0";Digitalization;;2. Sacrifice and religion: comparisons antiquarians anthropology (16th-18th century);
Stuckius, Johann Wihelm; 1542-1607;;;;Sacrorum, sacrificiorumque gentilium brevis et accurata descriptio;;;;;;Wulpius, Johannis;;Zurich;1598;16;Latin;;Ancient Sacrifices;Ancient Romans;Antiquarianism;Pagan Sacrifices;;https://books.google.it/books?id=XG5FAAAAcAAJ&printsec=frontcover&hl=it&source=gbs_ge_summary_r&cad=0#v=onepage&q&f=false;Digitalization;;2. Sacrifice and religion: comparisons antiquarians anthropology (16th-18th century);
Mallet, [L'Abbé];;;;;Holocauste;Encyclopédie, ou Dictionnaire des sciences, des arts et des métiers;;8;;246;EE.VV.;;Paris;1751-1767;18;French;Losanna, 1781;Animals;Blood;Reconciliation;France;History of the Jews;https://www.google.it/books/edition/Encyclop%C3%A9die_ou_dictionnaire_raisonn%C3%A9/Xgw7AAAAcAAJ?hl=it&gbpv=1&dq=encyclop%C3%A9die+ou+dictionnaire+raisonn%C3%A9+des+sciences+des+arts+et+des+m%C3%A9tiers+volume+8&printsec=frontcover;Digitalization;;2. Sacrifice and religion: comparisons antiquarians anthropology (16th-18th century);
De Jaucourt, Louis;1704-1779;;;;Moloch;Encyclopédie, ou Dictionnaire des sciences, des arts et des métiers;;10;;631;EE.VV.;;Paris;1751-1766;18;French;Neuchatel, 1765;Moloch;France;Idolatry;Superstition;;https://www.google.it/books/edition/Encyclop%C3%A9die_ou_Dictionnaire_raisonn%C3%A9/wDMsgMra5r8C?hl=it&gbpv=1&dq=encyclop%C3%A9die+ou+dictionnaire+raisonn%C3%A9+des+sciences+des+arts+et+des+m%C3%A9tiers+volume+10&printsec=frontcover;Digitalization;;2. Sacrifice and religion: comparisons antiquarians anthropology (16th-18th century);
De Jaucourt, Louis;1704-1780;;;;Sacrifices des Hébreux;Encyclopédie, ou Dictionnaire des sciences, des arts et des métiers;;14;;484a;EE.VV.;;Paris;1751-1767;18;French;;Jews;Bible, Old Testament;Paganism;France;;"https://gallica.bnf.fr/ark:/12148/bpt6k50546p?rk=128756;0";Digitalization;;2. Sacrifice and religion: comparisons antiquarians anthropology (16th-18th century);
De Jaucourt, Louis;1704-1781;;;;Sacrifice du paganisme;Encyclopédie, ou Dictionnaire des sciences, des arts et des métiers;;14;;481a;EE.VV.;;Paris;1751-1768;18;French;;Paganism;Idolatry;Blood;France;;"https://gallica.bnf.fr/ark:/12148/bpt6k50546p?rk=128756;0";Digitalization;;2. Sacrifice and religion: comparisons antiquarians anthropology (16th-18th century);
De Jaucourt, Louis;1704-1782;;;;Fanatisme;Encyclopédie, ou Dictionnaire des sciences, des arts et des métiers;;6;;394b;EE.VV.;;Paris;1751-1765;18;French;;Paganism;Ancient Sacrifices;France;Superstition;;https://www.google.it/books/edition/Encyclop%C3%A9die_Ou_Dictionnaire_Raisonn%C3%A9/GnVEAAAAcAAJ?hl=it&gbpv=1&dq=encyclop%C3%A9die+ou+dictionnaire+raisonn%C3%A9+des+sciences+des+arts+et+des+m%C3%A9tiers+volume+6&printsec=frontcover;Digitalization;;2. Sacrifice and religion: comparisons antiquarians anthropology (16th-18th century);
Fabroti, Carolus Hannibalis;1580-1659;;;;Ad tit. cod. Theodosiani de paganis, sacrificiis, & templis, notae;;;;;;Sebastianus Cramoisiy;;Lutetia;1618;17;Latin;;Ancient Sacrifices;Pagan Sacrifices;History of Ancient Rome;Temples;;https://books.google.com.bz/books?id=91IUAAAAQAAJ&printsec=frontcover&hl=it#v=onepage&q&f=false;PDF;;2. Sacrifice and religion: comparisons antiquarians anthropology (16th-18th century);
Merula, Paolo;1558-1607;;;;Opera varia posthuma, De sacrificiis romanorum. De sacerdotibus romanorum. De legibus romanorum. De comitiis romanorum & praemiis quae militiam sequebantur. Juxta autographum cum amplissimo indice edita & recensita;;;;;;"Petrus A Mersche; Johannis De Vivie";;Leiden;1684;17;Latin;;Ancient Sacrifices;Ancient Romans;History of Ancient Rome;Antiquarianism;;https://books.google.it/books?id=Oj5AAAAAcAAJ&printsec=frontcover&hl=it&source=gbs_ge_summary_r&cad=0#v=onepage&q&f=false;PDF;;2. Sacrifice and religion: comparisons antiquarians anthropology (16th-18th century);
"[Bolland, Jean; Henschen, Godefroy; de Tollenaer, Jean]";"1596-1665; 1601-1681; 1582-1643";;;;Imago primi saeculi Societatis Iesu a Prouincia Flandro-Belgica eiusdem Societatis repraesentata;;;;;;Ex Officina Plantiniana Balthasaris Moreti;;Antwerp;1640;17;Latin;;Catholicism;Jesuits (S.J.);Antiquarianism;Early Christianity;;https://www.google.it/books/edition/Imago_Primi_Saeculi_Societatis_Iesu/AulVAAAAcAAJ?hl=it&gbpv=1&dq=imago+primi+saeculi&printsec=frontcover;PDF;;2. Sacrifice and religion: comparisons antiquarians anthropology (16th-18th century);6. Sacrifices of self: Martyrology after Reformation (16th-18th century)
"Cavalieri, Giovanni Battista; Circignani, Niccolé";"1525-1601; 1530-1597";;;;Ecclesiae militantis triumphi siue Deo amabilium martyrum gloriosa pro Christi fide certamina ... in ecclesia S. Stephani Rotundi, Romae Nicolai Circiniani pictoris manu uisuntur depicta [...];;;;;;Bartholomeus Grassi;;Rome;1583;16;Latin;Rome, Bartholomeus Grassi, 1585;Catholicism;Rome;Catholic Martyrs;;;https://www.google.it/books/edition/Ecclesiae_militantis_triumphi_siue_Deo_a/nGHZ5B4YJYAC?hl=it&gbpv=1&dq=ecclesiae+militantis+triumphi&printsec=frontcover;PDF;;2. Sacrifice and religion: comparisons antiquarians anthropology (16th-18th century);
"Picart, Bernard; Bernard, Jean Frederic";"1673-1733; 1683-1744";;;;Religious Ceremonies and Customs of All the Peoples of the World;;;;;;Rollin fils;;Paris;1723-1747;18;French;Amsterdam, Jean-Frédéric Bernard, 1743;Paganism;Idolatry;Native Americans;Asia;Engravings;https://www.loc.gov/resource/rbc0001.2019gen32372/?sp=5&r=-1.245,-0.071,3.491,1.642,0;PDF;;2. Sacrifice and religion: comparisons antiquarians anthropology (16th-18th century);
